relative_path	reason
.codex/skills/biodesign-copy-safety-boundary/SKILL.md	local agent configuration; not runtime software
.codex/skills/biodesign-copy-safety/SKILL.md	local agent configuration; not runtime software
.codex/skills/biodesign-expression-wizard-safety/SKILL.md	local agent configuration; not runtime software
.codex/skills/biodesign-r-batch-workflow/SKILL.md	local agent configuration; not runtime software
.codex/skills/biodesign-safe-change/SKILL.md	local agent configuration; not runtime software
.codex/skills/biodesign-streamlit-ux/SKILL.md	local agent configuration; not runtime software
.codex/skills/biodesign-synbio-domain-boundary/SKILL.md	local agent configuration; not runtime software
.codex/skills/biodesign-test-gate/SKILL.md	local agent configuration; not runtime software
.codex/skills/biodesign-ui-screenshot-review/SKILL.md	local agent configuration; not runtime software
.codex/skills/biodesign-v1-planner/SKILL.md	local agent configuration; not runtime software
.cursor/agents/verifier.md	local editor-agent configuration; not runtime software
.cursorrules	local editor-agent configuration; not runtime software
.vscode/settings.json	local editor settings; not runtime software
AGENTS.md	local agent instructions; not runtime software
CURRENT_TASK.md	local task ledger; post-development operational material
PROJECT_IDENTITY.md	project-positioning document; not runtime software
PROJECT_POSITIONING.md	project-positioning document; not runtime software
PROJECT_STATE.md	development-state document; not runtime software
archive/components/ai_assistant.py	superseded legacy code; excluded from minimal runnable snapshot
archive/components/analysis_modules/__init__.py	superseded legacy code; excluded from minimal runnable snapshot
archive/components/analysis_modules/_style.py	superseded legacy code; excluded from minimal runnable snapshot
archive/components/analysis_modules/tab_blast.py	superseded legacy code; excluded from minimal runnable snapshot
archive/components/analysis_modules/tab_docking.py	superseded legacy code; excluded from minimal runnable snapshot
archive/components/analysis_modules/tab_metabolic.py	superseded legacy code; excluded from minimal runnable snapshot
archive/components/analysis_modules/tab_protein.py	superseded legacy code; excluded from minimal runnable snapshot
archive/components/analysis_modules/tab_structure.py	superseded legacy code; excluded from minimal runnable snapshot
archive/components/data_modules/tab_genes.py	superseded legacy code; excluded from minimal runnable snapshot
archive/components/data_modules/tab_plasmids.py	superseded legacy code; excluded from minimal runnable snapshot
archive/components/data_modules/tab_strains.py	superseded legacy code; excluded from minimal runnable snapshot
archive/components/data_modules/tab_terminators.py	superseded legacy code; excluded from minimal runnable snapshot
archive/legacy_cleanup/phase_a/root_helpers/_restore_structure.py	superseded legacy code; excluded from minimal runnable snapshot
archive/legacy_cleanup/phase_a/root_helpers/_verify_sa.py	superseded legacy code; excluded from minimal runnable snapshot
archive/legacy_cleanup/phase_a/root_helpers/fix_structure_analysis.py	superseded legacy code; excluded from minimal runnable snapshot
archive/legacy_cleanup/phase_a/views_backups/StructureAnalysis.py.bak	superseded legacy code; excluded from minimal runnable snapshot
archive/legacy_cleanup/phase_b/root/gui.py	superseded legacy code; excluded from minimal runnable snapshot
archive/legacy_cleanup/phase_b/scripts/fix_plasmid_map.py	superseded legacy code; excluded from minimal runnable snapshot
archive/legacy_cleanup/phase_b/scripts/fix_report_primer.py	superseded legacy code; excluded from minimal runnable snapshot
archive/legacy_cleanup/phase_b/scripts/fix_report_primer2.py	superseded legacy code; excluded from minimal runnable snapshot
archive/legacy_cleanup/phase_b/scripts/patch_data_organism.py	superseded legacy code; excluded from minimal runnable snapshot
archive/legacy_cleanup/phase_b/scripts/patch_step2_db.py	superseded legacy code; excluded from minimal runnable snapshot
archive/legacy_cleanup/phase_b/scripts/smoke_test.py	superseded legacy code; excluded from minimal runnable snapshot
archive/legacy_cleanup/phase_b/scripts/verify.py	superseded legacy code; excluded from minimal runnable snapshot
archive/legacy_cleanup/phase_b/views/launcher.py	superseded legacy code; excluded from minimal runnable snapshot
archive_v1_dormant/components/design_modules/crispr_engine.py	dormant legacy code; excluded from minimal runnable snapshot
archive_v1_dormant/core/bio_tools.py	dormant legacy code; excluded from minimal runnable snapshot
archive_v1_dormant/services/codon_service.py	dormant legacy code; excluded from minimal runnable snapshot
archive_v1_dormant/views/Analysis.py	dormant legacy code; excluded from minimal runnable snapshot
artifacts/mvp_acceptance/acceptance_result.json	development acceptance artifacts and screenshots; not runtime software
artifacts/mvp_acceptance/after_complete_vector.png	development acceptance artifacts and screenshots; not runtime software
artifacts/mvp_acceptance/after_real_case.png	development acceptance artifacts and screenshots; not runtime software
audit_reports/CURRENT_SYSTEM_MAP.md	development audit outputs; not runtime software
audit_reports/DIRECTORY_STRUCTURE.md	development audit outputs; not runtime software
audit_reports/DUPLICATE_IMPLEMENTATIONS.md	development audit outputs; not runtime software
audit_reports/EXECUTIVE_SUMMARY.md	development audit outputs; not runtime software
audit_reports/FEATURE_STATUS_MATRIX.md	development audit outputs; not runtime software
audit_reports/FILE_CLASSIFICATION.csv	development audit outputs; not runtime software
audit_reports/NEXT_DEVELOPMENT_PLAN.md	development audit outputs; not runtime software
audit_reports/RUNTIME_AND_TEST_RESULTS.md	development audit outputs; not runtime software
audit_reports/architecture_v2/ARCHITECTURE_RECONSTRUCTION_SUMMARY.md	development audit outputs; not runtime software
audit_reports/architecture_v2/FILES_CREATED.csv	development audit outputs; not runtime software
audit_reports/architecture_v2/SOURCE_EVIDENCE_MAP.md	development audit outputs; not runtime software
audit_reports/architecture_v2/TOOL_ARTIFACTS_INVESTIGATION.md	development audit outputs; not runtime software
audit_reports/baseline_phase1/ENVIRONMENT_REPRODUCIBILITY.md	development audit outputs; not runtime software
audit_reports/baseline_phase1/FAILED_TEST_ROOT_CAUSE.md	development audit outputs; not runtime software
audit_reports/baseline_phase1/FILES_MODIFIED.csv	development audit outputs; not runtime software
audit_reports/baseline_phase1/PERSISTENCE_BOUNDARY_MAP.md	development audit outputs; not runtime software
audit_reports/baseline_phase1/PHASE1_EXECUTIVE_SUMMARY.md	development audit outputs; not runtime software
audit_reports/baseline_phase1/PHASE2_RECOMMENDATION.md	development audit outputs; not runtime software
audit_reports/baseline_phase1/PRE_EXISTING_CHANGES.md	development audit outputs; not runtime software
audit_reports/baseline_phase1/STARTUP_ENTRYPOINT_AUDIT.md	development audit outputs; not runtime software
audit_reports/baseline_phase1/VALIDATION_RESULTS.md	development audit outputs; not runtime software
audit_reports/baseline_phase1_5/BACKUP_AND_RECOVERY_MAP.md	development audit outputs; not runtime software
audit_reports/baseline_phase1_5/CHECKPOINT_BRANCH_STATUS.md	development audit outputs; not runtime software
audit_reports/baseline_phase1_5/CLEAN_BASELINE_EXECUTIVE_SUMMARY.md	development audit outputs; not runtime software
audit_reports/baseline_phase1_5/CLEAN_WORKTREE_TEST_RESULTS.md	development audit outputs; not runtime software
audit_reports/baseline_phase1_5/COMMIT_GROUPING.md	development audit outputs; not runtime software
audit_reports/baseline_phase1_5/DATABASE_NON_MODIFICATION_CHECK.md	development audit outputs; not runtime software
audit_reports/baseline_phase1_5/FILES_MODIFIED.csv	development audit outputs; not runtime software
audit_reports/baseline_phase1_5/PHASE2_ENTRY_GATE.md	development audit outputs; not runtime software
audit_reports/baseline_phase1_5/PYTHON312_ENVIRONMENT_VALIDATION.md	development audit outputs; not runtime software
audit_reports/baseline_phase1_5/STARTUP_SMOKE_VALIDATION.md	development audit outputs; not runtime software
audit_reports/baseline_phase1_5B/DATABASE_HASH_VALIDATION.md	development audit outputs; not runtime software
audit_reports/baseline_phase1_5B/DEPENDENCY_RESOLUTION.md	development audit outputs; not runtime software
audit_reports/baseline_phase1_5B/ENVIRONMENT_INSTALLATION.md	development audit outputs; not runtime software
audit_reports/baseline_phase1_5B/FILES_MODIFIED.csv	development audit outputs; not runtime software
audit_reports/baseline_phase1_5B/FORMAL_STARTUP_PYTHON312_RESULT.md	development audit outputs; not runtime software
audit_reports/baseline_phase1_5B/FULL_SUITE_PYTHON312_RESULT.md	development audit outputs; not runtime software
audit_reports/baseline_phase1_5B/PHASE2_FINAL_ENTRY_GATE.md	development audit outputs; not runtime software
audit_reports/baseline_phase1_5B/PYTHON312_RUNTIME_IDENTITY.md	development audit outputs; not runtime software
audit_reports/baseline_phase1_5B/R225_PYTHON312_RESULT.md	development audit outputs; not runtime software
audit_reports/baseline_phase1_5B/R31_CLEAN_WORKTREE_RESULT.md	development audit outputs; not runtime software
audit_reports/baseline_phase1_5B/REPRODUCIBILITY_LIMITATIONS.md	development audit outputs; not runtime software
audit_reports/baseline_phase1_5B/pip-freeze-python312.txt	development audit outputs; not runtime software
audit_reports/baseline_phase1_5B/pip-list-python312.json	development audit outputs; not runtime software
audit_reports/baseline_phase1_5C/DATABASE_ACCESS_CALL_MAP.md	development audit outputs; not runtime software
audit_reports/baseline_phase1_5C/DATABASE_RUNTIME_OWNERSHIP_DECISION.md	development audit outputs; not runtime software
audit_reports/baseline_phase1_5C/DATABASE_STABILITY_TEST_RESULTS.md	development audit outputs; not runtime software
audit_reports/baseline_phase1_5C/FILES_MODIFIED.csv	development audit outputs; not runtime software
audit_reports/baseline_phase1_5C/FIX_IMPLEMENTATION.md	development audit outputs; not runtime software
audit_reports/baseline_phase1_5C/FULL_REGRESSION_RESULTS.md	development audit outputs; not runtime software
audit_reports/baseline_phase1_5C/LOGICAL_DATABASE_DIFF.md	development audit outputs; not runtime software
audit_reports/baseline_phase1_5C/PHASE2_ENTRY_GATE_REASSESSMENT.md	development audit outputs; not runtime software
audit_reports/baseline_phase1_5C/ROOT_CAUSE.md	development audit outputs; not runtime software
audit_reports/baseline_phase1_5C/SQL_WRITE_TRACE.md	development audit outputs; not runtime software
audit_reports/baseline_phase1_5C/STARTUP_DB_DRIFT_EXECUTIVE_SUMMARY.md	development audit outputs; not runtime software
audit_reports/baseline_phase1_5C/STARTUP_EXPERIMENT_MATRIX.md	development audit outputs; not runtime software
audit_reports/baseline_phase1_5D/COLD_START_UI_SMOKE.md	development audit outputs; not runtime software
audit_reports/baseline_phase1_5D/DATABASE_STABILITY_RECHECK.md	development audit outputs; not runtime software
audit_reports/baseline_phase1_5D/FILES_MODIFIED.csv	development audit outputs; not runtime software
audit_reports/baseline_phase1_5D/FULL_REGRESSION_RESULTS.md	development audit outputs; not runtime software
audit_reports/baseline_phase1_5D/PHASE1_5D_EXECUTIVE_SUMMARY.md	development audit outputs; not runtime software
audit_reports/baseline_phase1_5D/PHASE2_FINAL_ENTRY_DECISION.md	development audit outputs; not runtime software
audit_reports/baseline_phase1_5D/PYDNA_LOG_FIX.md	development audit outputs; not runtime software
audit_reports/baseline_phase1_5D/PYDNA_LOG_ROOT_CAUSE.md	development audit outputs; not runtime software
audit_reports/baseline_phase1_5D/RELEASE_BASELINE_MANIFEST.json	development audit outputs; not runtime software
audit_reports/baseline_phase1_5D/SCOPE_GUARD_FAILURE_ANALYSIS.md	development audit outputs; not runtime software
audit_reports/baseline_phase1_5D/SCOPE_GUARD_FIX_VALIDATION.md	development audit outputs; not runtime software
audit_reports/baseline_phase1_5D/pip-freeze.txt	development audit outputs; not runtime software
audit_reports/folder_consolidation/ALL_FOLDERS_INVENTORY.csv	development audit outputs; not runtime software
audit_reports/folder_consolidation/BACKUP_INVENTORY.csv	development audit outputs; not runtime software
audit_reports/folder_consolidation/CONSOLIDATION_PLAN.md	development audit outputs; not runtime software
audit_reports/folder_consolidation/DATABASE_AND_USER_DATA.csv	development audit outputs; not runtime software
audit_reports/folder_consolidation/DO_NOT_DELETE.md	development audit outputs; not runtime software
audit_reports/folder_consolidation/EXECUTIVE_SUMMARY.md	development audit outputs; not runtime software
audit_reports/folder_consolidation/GIT_REPOSITORY_MAP.csv	development audit outputs; not runtime software
audit_reports/folder_consolidation/GIT_WORKTREE_MAP.csv	development audit outputs; not runtime software
audit_reports/folder_consolidation/MANUAL_DECISIONS_REQUIRED.md	development audit outputs; not runtime software
audit_reports/folder_consolidation/PROPOSED_FINAL_DIRECTORY_STRUCTURE.md	development audit outputs; not runtime software
audit_reports/folder_consolidation/SAFE_TO_ARCHIVE_CANDIDATES.csv	development audit outputs; not runtime software
audit_reports/folder_consolidation/UNIQUE_COMMITS.csv	development audit outputs; not runtime software
audit_reports/folder_consolidation/UNIQUE_FILES.csv	development audit outputs; not runtime software
audit_reports/literature_benchmark_preaudit/EXECUTIVE_SUMMARY.md	development audit outputs; not runtime software
audit_reports/literature_benchmark_preaudit/FILES_CREATED.csv	development audit outputs; not runtime software
audit_reports/literature_benchmark_preaudit/SEQUENCE_AVAILABILITY.csv	development audit outputs; not runtime software
audit_reports/literature_benchmark_preaudit/SOURCE_EVIDENCE_MATRIX.csv	development audit outputs; not runtime software
audit_reports/literature_benchmark_preaudit/UNRESOLVED_EVIDENCE.md	development audit outputs; not runtime software
audit_reports/literature_benchmark_preaudit/WORKFLOW_FIT_MATRIX.csv	development audit outputs; not runtime software
audit_reports/mt01_formal_runtime_integration/CANONICAL_RESULTS.csv	development audit outputs; not runtime software
audit_reports/mt01_formal_runtime_integration/CHROMIUM_ACCEPTANCE.md	development audit outputs; not runtime software
audit_reports/mt01_formal_runtime_integration/COLD_REOPEN_RESULTS.csv	development audit outputs; not runtime software
audit_reports/mt01_formal_runtime_integration/COMPONENT_AND_PARTITION_RESULTS.csv	development audit outputs; not runtime software
audit_reports/mt01_formal_runtime_integration/EXECUTIVE_SUMMARY.md	development audit outputs; not runtime software
audit_reports/mt01_formal_runtime_integration/FASTA_RESULTS.csv	development audit outputs; not runtime software
audit_reports/mt01_formal_runtime_integration/FILES_CHANGED.csv	development audit outputs; not runtime software
audit_reports/mt01_formal_runtime_integration/GENBANK_RESULTS.csv	development audit outputs; not runtime software
audit_reports/mt01_formal_runtime_integration/PRE_FIX_ROUTE_TRACE.csv	development audit outputs; not runtime software
audit_reports/mt01_formal_runtime_integration/SAVE_PERSISTENCE_RESULTS.csv	development audit outputs; not runtime software
audit_reports/mt01_formal_runtime_integration/SOURCE_ADMISSION_RESULTS.csv	development audit outputs; not runtime software
audit_reports/mt01_formal_runtime_integration/TEST_RESULTS.md	development audit outputs; not runtime software
audit_reports/mt01_formal_runtime_integration/UNRESOLVED_RISKS.md	development audit outputs; not runtime software
audit_reports/mt01_gold_standard_contract/COMPONENT_BOUNDARY_RESULTS.csv	development audit outputs; not runtime software
audit_reports/mt01_gold_standard_contract/EXECUTIVE_SUMMARY.md	development audit outputs; not runtime software
audit_reports/mt01_gold_standard_contract/FEATURE_CONTRACT_RESULTS.csv	development audit outputs; not runtime software
audit_reports/mt01_gold_standard_contract/FILES_CHANGED.csv	development audit outputs; not runtime software
audit_reports/mt01_gold_standard_contract/HASH_VERIFICATION_RESULTS.csv	development audit outputs; not runtime software
audit_reports/mt01_gold_standard_contract/JUNCTION_RESULTS.csv	development audit outputs; not runtime software
audit_reports/mt01_gold_standard_contract/ORIENTATION_RECONSTRUCTION_RESULTS.csv	development audit outputs; not runtime software
audit_reports/mt01_gold_standard_contract/REDISTRIBUTION_RESULTS.csv	development audit outputs; not runtime software
audit_reports/mt01_gold_standard_contract/REGION_EXTRACTION_RESULTS.csv	development audit outputs; not runtime software
audit_reports/mt01_gold_standard_contract/SOURCE_FETCH_RESULTS.csv	development audit outputs; not runtime software
audit_reports/mt01_gold_standard_contract/SOURCE_SEQUENCE_RESULTS.csv	development audit outputs; not runtime software
audit_reports/mt01_gold_standard_contract/TEST_RESULTS.md	development audit outputs; not runtime software
audit_reports/mt01_gold_standard_contract/UNRESOLVED_RISKS.md	development audit outputs; not runtime software
audit_reports/mt02_formal_runtime_integration/CANONICAL_RESULTS.csv	development audit outputs; not runtime software
audit_reports/mt02_formal_runtime_integration/CHROMIUM_ACCEPTANCE.md	development audit outputs; not runtime software
audit_reports/mt02_formal_runtime_integration/EXECUTIVE_SUMMARY.md	development audit outputs; not runtime software
audit_reports/mt02_formal_runtime_integration/EXPORT_RESULTS.csv	development audit outputs; not runtime software
audit_reports/mt02_formal_runtime_integration/FILES_CHANGED.csv	development audit outputs; not runtime software
audit_reports/mt02_formal_runtime_integration/SOURCE_ADMISSION_RESULTS.csv	development audit outputs; not runtime software
audit_reports/mt02_formal_runtime_integration/TEST_RESULTS.md	development audit outputs; not runtime software
audit_reports/mt02_formal_runtime_integration/UNRESOLVED_RISKS.md	development audit outputs; not runtime software
audit_reports/mt02_gold_standard_contract/EXECUTIVE_SUMMARY.md	development audit outputs; not runtime software
audit_reports/mt02_gold_standard_contract/FILES_CHANGED.csv	development audit outputs; not runtime software
audit_reports/mt02_gold_standard_contract/FINAL_REPORT.md	development audit outputs; not runtime software
audit_reports/mt02_gold_standard_contract/TEST_RESULTS.md	development audit outputs; not runtime software
audit_reports/mt02_pdoe13_evidence_confirmation/EXECUTIVE_SUMMARY.md	development audit outputs; not runtime software
audit_reports/mt02_pdoe13_evidence_confirmation/FILES_CHANGED.csv	development audit outputs; not runtime software
audit_reports/mt02_pdoe13_evidence_confirmation/FINAL_CLASSIFICATION.md	development audit outputs; not runtime software
audit_reports/mt02_pdoe13_evidence_confirmation/JUNCTION_RESULTS.csv	development audit outputs; not runtime software
audit_reports/mt02_pdoe13_evidence_confirmation/MT01_INDEPENDENCE_RESULTS.csv	development audit outputs; not runtime software
audit_reports/mt02_pdoe13_evidence_confirmation/NEXT_TASK_RECOMMENDATION.md	development audit outputs; not runtime software
audit_reports/mt02_pdoe13_evidence_confirmation/PAPER_ACCESSION_RESULTS.csv	development audit outputs; not runtime software
audit_reports/mt02_pdoe13_evidence_confirmation/PRODUCT_CONTRACT_RESULTS.csv	development audit outputs; not runtime software
audit_reports/mt02_pdoe13_evidence_confirmation/REDISTRIBUTION_RESULTS.csv	development audit outputs; not runtime software
audit_reports/mt02_pdoe13_evidence_confirmation/REGION_EXTRACTION_RESULTS.csv	development audit outputs; not runtime software
audit_reports/mt02_pdoe13_evidence_confirmation/REPOSITORY_MATCH.csv	development audit outputs; not runtime software
audit_reports/mt02_pdoe13_evidence_confirmation/SEARCH_LOG.csv	development audit outputs; not runtime software
audit_reports/mt02_pdoe13_evidence_confirmation/SEQUENCE_RESULTS.csv	development audit outputs; not runtime software
audit_reports/mt02_pdoe13_evidence_confirmation/SOURCE_FETCH_RESULTS.csv	development audit outputs; not runtime software
audit_reports/mt02_pdoe13_evidence_confirmation/TU_COMPONENT_MATRIX.csv	development audit outputs; not runtime software
audit_reports/mt02_pdoe13_evidence_confirmation/TU_COUNT_RESULTS.csv	development audit outputs; not runtime software
audit_reports/mt02_pdoe13_evidence_confirmation/UNRESOLVED_CONFLICTS.md	development audit outputs; not runtime software
audit_reports/p307_fbp6_evidence_gap/EVIDENCE_GAPS.csv	development audit outputs; not runtime software
audit_reports/p307_fbp6_evidence_gap/EXECUTIVE_SUMMARY.md	development audit outputs; not runtime software
audit_reports/p307_fbp6_evidence_gap/FILES_CHANGED.csv	development audit outputs; not runtime software
audit_reports/p307_fbp6_evidence_gap/FINAL_CLASSIFICATION.md	development audit outputs; not runtime software
audit_reports/p307_fbp6_evidence_gap/FIVE_TU_COMPONENT_MATRIX.csv	development audit outputs; not runtime software
audit_reports/p307_fbp6_evidence_gap/JUNCTION_RESULTS.csv	development audit outputs; not runtime software
audit_reports/p307_fbp6_evidence_gap/NEXT_TASK_RECOMMENDATION.md	development audit outputs; not runtime software
audit_reports/p307_fbp6_evidence_gap/NNH3H_CONFLICT_MATRIX.csv	development audit outputs; not runtime software
audit_reports/p307_fbp6_evidence_gap/REDISTRIBUTION_RESULTS.csv	development audit outputs; not runtime software
audit_reports/p307_fbp6_evidence_gap/REPOSITORY_MATCH.csv	development audit outputs; not runtime software
audit_reports/p307_fbp6_evidence_gap/SEARCH_LOG.csv	development audit outputs; not runtime software
audit_reports/p307_fbp6_evidence_gap/SEQUENCE_VERSION_RESULTS.csv	development audit outputs; not runtime software
audit_reports/p307_fbp6_evidence_gap/SOURCE_FILES.csv	development audit outputs; not runtime software
audit_reports/p307_fbp6_evidence_gap/SOURCE_IDENTITY.csv	development audit outputs; not runtime software
audit_reports/p307_fbp6_evidence_gap/UNRESOLVED_CONFLICTS.md	development audit outputs; not runtime software
audit_reports/p307_fbp6_evidence_gap/VECTOR_CONTRACT_COMPARISON.csv	development audit outputs; not runtime software
audit_reports/pbi121_exact_replacement_workflow/CHROMIUM_ACCEPTANCE.md	development audit outputs; not runtime software
audit_reports/pbi121_exact_replacement_workflow/DATABASE_HASH.md	development audit outputs; not runtime software
audit_reports/pbi121_exact_replacement_workflow/EXECUTIVE_SUMMARY.md	development audit outputs; not runtime software
audit_reports/pbi121_exact_replacement_workflow/FILES_CHANGED.csv	development audit outputs; not runtime software
audit_reports/pbi121_exact_replacement_workflow/SEQUENCE_IDENTITY_RESULTS.csv	development audit outputs; not runtime software
audit_reports/pbi121_exact_replacement_workflow/TEST_RESULTS.md	development audit outputs; not runtime software
audit_reports/pbi121_exact_replacement_workflow/UNRESOLVED_RISKS.md	development audit outputs; not runtime software
audit_reports/pbi121_exact_replacement_workflow/WORKFLOW_SUPPORT_MATRIX.csv	development audit outputs; not runtime software
audit_reports/pcambia1300_exact_insertion_audit/CALL_SITE_INVENTORY.csv	development audit outputs; not runtime software
audit_reports/pcambia1300_exact_insertion_audit/DUPLICATION_AND_INTERFERENCE_RISK.csv	development audit outputs; not runtime software
audit_reports/pcambia1300_exact_insertion_audit/EXECUTIVE_SUMMARY.md	development audit outputs; not runtime software
audit_reports/pcambia1300_exact_insertion_audit/FEATURE_INVENTORY.csv	development audit outputs; not runtime software
audit_reports/pcambia1300_exact_insertion_audit/FILES_CREATED.csv	development audit outputs; not runtime software
audit_reports/pcambia1300_exact_insertion_audit/INSERTION_SITE_CANDIDATES.csv	development audit outputs; not runtime software
audit_reports/pcambia1300_exact_insertion_audit/SOURCE_AND_HASH_EVIDENCE.md	development audit outputs; not runtime software
audit_reports/pcambia1300_exact_insertion_audit/TDNA_BOUNDARY_EVIDENCE.csv	development audit outputs; not runtime software
audit_reports/pcambia1300_exact_insertion_audit/UNRESOLVED_RISKS.md	development audit outputs; not runtime software
audit_reports/pcambia1300_exact_insertion_workflow/CHROMIUM_ACCEPTANCE.md	development audit outputs; not runtime software
audit_reports/pcambia1300_exact_insertion_workflow/DATABASE_HASH.md	development audit outputs; not runtime software
audit_reports/pcambia1300_exact_insertion_workflow/EXECUTIVE_SUMMARY.md	development audit outputs; not runtime software
audit_reports/pcambia1300_exact_insertion_workflow/FEATURE_REMAP_RESULTS.csv	development audit outputs; not runtime software
audit_reports/pcambia1300_exact_insertion_workflow/FILES_CHANGED.csv	development audit outputs; not runtime software
audit_reports/pcambia1300_exact_insertion_workflow/REGISTRY_BYTE_INTEGRITY_CLOSURE.md	development audit outputs; not runtime software
audit_reports/pcambia1300_exact_insertion_workflow/SEQUENCE_IDENTITY_RESULTS.csv	development audit outputs; not runtime software
audit_reports/pcambia1300_exact_insertion_workflow/TEST_RESULTS.md	development audit outputs; not runtime software
audit_reports/pcambia1300_exact_insertion_workflow/UNRESOLVED_RISKS.md	development audit outputs; not runtime software
audit_reports/pcambia1300_exact_insertion_workflow/WORKFLOW_SUPPORT_MATRIX.csv	development audit outputs; not runtime software
audit_reports/phase2b_schema_distribution/BASELINE_VS_FRESH_DATABASE_DIFF.md	development audit outputs; not runtime software
audit_reports/phase2b_schema_distribution/DETERMINISTIC_DATABASE_EXPERIMENTS.md	development audit outputs; not runtime software
audit_reports/phase2b_schema_distribution/FILES_CREATED.csv	development audit outputs; not runtime software
audit_reports/phase2b_schema_distribution/PHASE2B_EXECUTIVE_SUMMARY.md	development audit outputs; not runtime software
audit_reports/phase2b_schema_distribution/SOURCE_EVIDENCE_MAP.md	development audit outputs; not runtime software
audit_reports/phase2b_schema_distribution/UNRESOLVED_DATA_RISKS.md	development audit outputs; not runtime software
audit_reports/phase2c_database_implementation/COLD_START_VALIDATION.md	development audit outputs; not runtime software
audit_reports/phase2c_database_implementation/DATABASE_HASH_AND_INTEGRITY.md	development audit outputs; not runtime software
audit_reports/phase2c_database_implementation/FILES_MODIFIED.csv	development audit outputs; not runtime software
audit_reports/phase2c_database_implementation/FULL_REGRESSION_RESULTS.md	development audit outputs; not runtime software
audit_reports/phase2c_database_implementation/MIGRATION_TEST_RESULTS.md	development audit outputs; not runtime software
audit_reports/phase2c_database_implementation/PHASE2C_EXECUTIVE_SUMMARY.md	development audit outputs; not runtime software
audit_reports/phase2c_database_implementation/PHASE2C_FINAL_CLOSURE.md	development audit outputs; not runtime software
audit_reports/phase2c_database_implementation/UNRESOLVED_RISKS.md	development audit outputs; not runtime software
audit_reports/phase2c_memory_stability/FAILURE_TRACE_ANALYSIS.md	development audit outputs; not runtime software
audit_reports/phase2c_memory_stability/FILES_MODIFIED.csv	development audit outputs; not runtime software
audit_reports/phase2c_memory_stability/FIX_IMPLEMENTATION.md	development audit outputs; not runtime software
audit_reports/phase2c_memory_stability/FULL_SUITE_RUN_1.md	development audit outputs; not runtime software
audit_reports/phase2c_memory_stability/FULL_SUITE_RUN_2.md	development audit outputs; not runtime software
audit_reports/phase2c_memory_stability/MEMORY_ERROR_EXECUTIVE_SUMMARY.md	development audit outputs; not runtime software
audit_reports/phase2c_memory_stability/PHASE2D_ENTRY_REASSESSMENT.md	development audit outputs; not runtime software
audit_reports/phase2c_memory_stability/REPEATABILITY_RESULTS.md	development audit outputs; not runtime software
audit_reports/phase2c_memory_stability/RESOURCE_MONITORING_RESULTS.csv	development audit outputs; not runtime software
audit_reports/phase2c_memory_stability/ROOT_CAUSE.md	development audit outputs; not runtime software
audit_reports/phase2c_memory_stability/TEST_ORDER_EXPERIMENTS.md	development audit outputs; not runtime software
audit_reports/phase2d_batch1_helper_extraction/CHROMIUM_SMOKE_RESULTS.md	development audit outputs; not runtime software
audit_reports/phase2d_batch1_helper_extraction/FILES_MODIFIED.csv	development audit outputs; not runtime software
audit_reports/phase2d_batch1_helper_extraction/FULL_REGRESSION_RESULTS.md	development audit outputs; not runtime software
audit_reports/phase2d_batch1_helper_extraction/IMPORT_DEPENDENCY_DIFF.md	development audit outputs; not runtime software
audit_reports/phase2d_batch1_helper_extraction/PHASE2D_BATCH1_EXECUTIVE_SUMMARY.md	development audit outputs; not runtime software
audit_reports/phase2d_batch1_helper_extraction/SEQUENCE_EQUIVALENCE_RESULTS.md	development audit outputs; not runtime software
audit_reports/phase2d_batch1_helper_extraction/UNRESOLVED_RISKS.md	development audit outputs; not runtime software
audit_reports/phase2d_batch2_save_convergence/CHROMIUM_COLD_REOPEN_RESULTS.md	development audit outputs; not runtime software
audit_reports/phase2d_batch2_save_convergence/FILES_MODIFIED.csv	development audit outputs; not runtime software
audit_reports/phase2d_batch2_save_convergence/FULL_REGRESSION_RESULTS.md	development audit outputs; not runtime software
audit_reports/phase2d_batch2_save_convergence/JSON_COMPATIBILITY_RESULTS.md	development audit outputs; not runtime software
audit_reports/phase2d_batch2_save_convergence/NO_DOUBLE_WRITE_EVIDENCE.md	development audit outputs; not runtime software
audit_reports/phase2d_batch2_save_convergence/PHASE2D_BATCH2_EXECUTIVE_SUMMARY.md	development audit outputs; not runtime software
audit_reports/phase2d_batch2_save_convergence/PHASE2D_BATCH2_FINAL_CLOSURE.md	development audit outputs; not runtime software
audit_reports/phase2d_batch2_save_convergence/SAVE_CALL_GRAPH_BEFORE_AFTER.md	development audit outputs; not runtime software
audit_reports/phase2d_batch2_save_convergence/UNRESOLVED_RISKS.md	development audit outputs; not runtime software
audit_reports/phase2d_batch3_1_gate3_reopen/FINAL_CLOSURE.md	development audit outputs; not runtime software
audit_reports/phase2d_batch3_legacy_ui_isolation/CHROMIUM_SMOKE_RESULTS.md	development audit outputs; not runtime software
audit_reports/phase2d_batch3_legacy_ui_isolation/DESIGN_LIBRARY_ORDER_EXPERIMENTS.md	development audit outputs; not runtime software
audit_reports/phase2d_batch3_legacy_ui_isolation/FILES_MODIFIED.csv	development audit outputs; not runtime software
audit_reports/phase2d_batch3_legacy_ui_isolation/FORMAL_NAVIGATION_EVIDENCE.md	development audit outputs; not runtime software
audit_reports/phase2d_batch3_legacy_ui_isolation/FULL_REGRESSION_RESULTS.md	development audit outputs; not runtime software
audit_reports/phase2d_batch3_legacy_ui_isolation/IMPORT_GRAPH_BEFORE_AFTER.md	development audit outputs; not runtime software
audit_reports/phase2d_batch3_legacy_ui_isolation/LEGACY_IMPORT_COMPATIBILITY.md	development audit outputs; not runtime software
audit_reports/phase2d_batch3_legacy_ui_isolation/PHASE2D_BATCH3_EXECUTIVE_SUMMARY.md	development audit outputs; not runtime software
audit_reports/phase2d_batch3_legacy_ui_isolation/UNRESOLVED_RISKS.md	development audit outputs; not runtime software
audit_reports/phase2d_batch4_legacy_closure/DECISION_EVIDENCE.md	development audit outputs; not runtime software
audit_reports/phase2d_batch4_legacy_closure/FILES_CREATED.csv	development audit outputs; not runtime software
audit_reports/phase2d_batch4_legacy_closure/FINAL_CLOSURE.md	development audit outputs; not runtime software
audit_reports/phase2d_batch4a_legacy_saved_design/DATABASE_HASH_EVIDENCE.md	development audit outputs; not runtime software
audit_reports/phase2d_batch4a_legacy_saved_design/EXECUTIVE_SUMMARY.md	development audit outputs; not runtime software
audit_reports/phase2d_batch4a_legacy_saved_design/FILES_CREATED.csv	development audit outputs; not runtime software
audit_reports/phase2d_batch4a_legacy_saved_design/LEGACY_RECORD_INVENTORY.csv	development audit outputs; not runtime software
audit_reports/phase2d_batch4a_legacy_saved_design/READ_WRITE_CALL_EVIDENCE.md	development audit outputs; not runtime software
audit_reports/phase2d_batch4a_legacy_saved_design/RECORD_COMPARISON.md	development audit outputs; not runtime software
audit_reports/phase2d_batch4a_legacy_saved_design/UNRESOLVED_RISKS.md	development audit outputs; not runtime software
audit_reports/phase2d_batch5a_tool_artifacts/CALL_SITE_INVENTORY.csv	development audit outputs; not runtime software
audit_reports/phase2d_batch5a_tool_artifacts/DATABASE_EVIDENCE.md	development audit outputs; not runtime software
audit_reports/phase2d_batch5a_tool_artifacts/EXECUTIVE_SUMMARY.md	development audit outputs; not runtime software
audit_reports/phase2d_batch5a_tool_artifacts/FILES_CREATED.csv	development audit outputs; not runtime software
audit_reports/phase2d_batch5a_tool_artifacts/HISTORICAL_PACKAGE_EVIDENCE.md	development audit outputs; not runtime software
audit_reports/phase2d_batch5a_tool_artifacts/RISK_CLASSIFICATION.md	development audit outputs; not runtime software
audit_reports/phase2d_batch5a_tool_artifacts/UNRESOLVED_RISKS.md	development audit outputs; not runtime software
audit_reports/phase2d_legacy_convergence/FILES_CREATED.csv	development audit outputs; not runtime software
audit_reports/phase2d_legacy_convergence/IMPORT_AND_CALL_EVIDENCE.md	development audit outputs; not runtime software
audit_reports/phase2d_legacy_convergence/LEGACY_TEST_DEPENDENCIES.md	development audit outputs; not runtime software
audit_reports/phase2d_legacy_convergence/OPEN_COMPATIBILITY_RISKS.md	development audit outputs; not runtime software
audit_reports/phase2d_legacy_convergence/PHASE2D_A_EXECUTIVE_SUMMARY.md	development audit outputs; not runtime software
audit_reports/phase2d_legacy_convergence/UNIQUE_COMMIT_REVIEW.md	development audit outputs; not runtime software
audit_reports/plant_component_library_v1_l1/APPROVED_COMPONENTS.csv	development audit outputs; not runtime software
audit_reports/plant_component_library_v1_l1/BOUNDARY_EVIDENCE.csv	development audit outputs; not runtime software
audit_reports/plant_component_library_v1_l1/CANDIDATE_INTAKE_RESULTS.csv	development audit outputs; not runtime software
audit_reports/plant_component_library_v1_l1/DUPLICATE_RESULTS.md	development audit outputs; not runtime software
audit_reports/plant_component_library_v1_l1/EXECUTIVE_SUMMARY.md	development audit outputs; not runtime software
audit_reports/plant_component_library_v1_l1/FILES_CHANGED.csv	development audit outputs; not runtime software
audit_reports/plant_component_library_v1_l1/HELD_AND_REJECTED.csv	development audit outputs; not runtime software
audit_reports/plant_component_library_v1_l1/SEQUENCE_HASH_EVIDENCE.csv	development audit outputs; not runtime software
audit_reports/plant_component_library_v1_l1/SOURCE_FILE_INVENTORY.csv	development audit outputs; not runtime software
audit_reports/plant_component_library_v1_l1/TEST_RESULTS.md	development audit outputs; not runtime software
audit_reports/plant_component_library_v1_l1/UNRESOLVED_RISKS.md	development audit outputs; not runtime software
audit_reports/plant_component_library_v1_l1_recovery/BOUNDARY_EVIDENCE.csv	development audit outputs; not runtime software
audit_reports/plant_component_library_v1_l1_recovery/EXECUTIVE_SUMMARY.md	development audit outputs; not runtime software
audit_reports/plant_component_library_v1_l1_recovery/FILES_CHANGED.csv	development audit outputs; not runtime software
audit_reports/plant_component_library_v1_l1_recovery/NEW_APPROVED_COMPONENTS.csv	development audit outputs; not runtime software
audit_reports/plant_component_library_v1_l1_recovery/REASSESSED_CANDIDATES.csv	development audit outputs; not runtime software
audit_reports/plant_component_library_v1_l1_recovery/STILL_HELD.csv	development audit outputs; not runtime software
audit_reports/plant_component_library_v1_l1_recovery/TEST_RESULTS.md	development audit outputs; not runtime software
audit_reports/plant_component_library_v1_l1_recovery/UNRESOLVED_RISKS.md	development audit outputs; not runtime software
audit_reports/plant_component_library_v1_preaudit/CANDIDATE_COMPONENTS.csv	development audit outputs; not runtime software
audit_reports/plant_component_library_v1_preaudit/DATA_MODEL_GAPS.md	development audit outputs; not runtime software
audit_reports/plant_component_library_v1_preaudit/DUPLICATE_ASSESSMENT.csv	development audit outputs; not runtime software
audit_reports/plant_component_library_v1_preaudit/EXECUTIVE_SUMMARY.md	development audit outputs; not runtime software
audit_reports/plant_component_library_v1_preaudit/FILES_CREATED.csv	development audit outputs; not runtime software
audit_reports/plant_component_library_v1_preaudit/SOURCE_EVIDENCE.csv	development audit outputs; not runtime software
audit_reports/plant_component_library_v1_preaudit/SPECIES_COVERAGE.csv	development audit outputs; not runtime software
audit_reports/plant_component_library_v1_preaudit/UNRESOLVED_RISKS.md	development audit outputs; not runtime software
audit_reports/rice_nos_admission_blocker_closure/GOVERNANCE_RECORD.json	development audit outputs; not runtime software
audit_reports/rice_nos_admission_blocker_closure/REVIEW_PACKAGE.md	development audit outputs; not runtime software
audit_reports/v1_component_library_workflow_integration/CHROMIUM_ACCEPTANCE.md	development audit outputs; not runtime software
audit_reports/v1_component_library_workflow_integration/COMPONENT_ADMISSION_RESULTS.csv	development audit outputs; not runtime software
audit_reports/v1_component_library_workflow_integration/COMPONENT_DISPLAY_RESULTS.csv	development audit outputs; not runtime software
audit_reports/v1_component_library_workflow_integration/EXECUTIVE_SUMMARY.md	development audit outputs; not runtime software
audit_reports/v1_component_library_workflow_integration/EXPORT_TRACEABILITY_RESULTS.csv	development audit outputs; not runtime software
audit_reports/v1_component_library_workflow_integration/FILES_CHANGED.csv	development audit outputs; not runtime software
audit_reports/v1_component_library_workflow_integration/PRE_FIX_INTEGRATION_TRACE.csv	development audit outputs; not runtime software
audit_reports/v1_component_library_workflow_integration/SAVE_REOPEN_RESULTS.csv	development audit outputs; not runtime software
audit_reports/v1_component_library_workflow_integration/TEST_RESULTS.md	development audit outputs; not runtime software
audit_reports/v1_component_library_workflow_integration/UNRESOLVED_RISKS.md	development audit outputs; not runtime software
audit_reports/v1_component_library_workflow_integration/WORKFLOW_FILTER_RESULTS.csv	development audit outputs; not runtime software
audit_reports/v1_development_status_audit/BLOCKER_INVENTORY.csv	development audit outputs; not runtime software
audit_reports/v1_development_status_audit/COMPONENT_LIBRARY_INVENTORY.csv	development audit outputs; not runtime software
audit_reports/v1_development_status_audit/EXECUTIVE_SUMMARY.md	development audit outputs; not runtime software
audit_reports/v1_development_status_audit/FILES_REVIEWED.csv	development audit outputs; not runtime software
audit_reports/v1_development_status_audit/FORMAL_ROUTE_INVENTORY.csv	development audit outputs; not runtime software
audit_reports/v1_development_status_audit/LEGACY_CLASSIFICATION.csv	development audit outputs; not runtime software
audit_reports/v1_development_status_audit/TEST_AND_UAT_RESULTS.md	development audit outputs; not runtime software
audit_reports/v1_development_status_audit/UNRESOLVED_QUESTIONS.md	development audit outputs; not runtime software
audit_reports/v1_development_status_audit/WORKFLOW_EVIDENCE_MATRIX.csv	development audit outputs; not runtime software
audit_reports/v1_multitu_2tu_public_case_audit/ALL_CANDIDATES.csv	development audit outputs; not runtime software
audit_reports/v1_multitu_2tu_public_case_audit/EXECUTIVE_SUMMARY.md	development audit outputs; not runtime software
audit_reports/v1_multitu_2tu_public_case_audit/FILES_CHANGED.csv	development audit outputs; not runtime software
audit_reports/v1_multitu_2tu_public_case_audit/JUNCTION_RESULTS.csv	development audit outputs; not runtime software
audit_reports/v1_multitu_2tu_public_case_audit/NEXT_TASK_RECOMMENDATION.md	development audit outputs; not runtime software
audit_reports/v1_multitu_2tu_public_case_audit/PRIMARY_AND_BACKUP_SELECTION.csv	development audit outputs; not runtime software
audit_reports/v1_multitu_2tu_public_case_audit/PRODUCT_CONTRACT_RESULTS.csv	development audit outputs; not runtime software
audit_reports/v1_multitu_2tu_public_case_audit/REAL_CASE_DATA_GAPS.csv	development audit outputs; not runtime software
audit_reports/v1_multitu_2tu_public_case_audit/REDISTRIBUTION_RESULTS.csv	development audit outputs; not runtime software
audit_reports/v1_multitu_2tu_public_case_audit/REGION_EXTRACTION_RESULTS.csv	development audit outputs; not runtime software
audit_reports/v1_multitu_2tu_public_case_audit/REPOSITORY_MATCH.csv	development audit outputs; not runtime software
audit_reports/v1_multitu_2tu_public_case_audit/SEARCH_LOG.csv	development audit outputs; not runtime software
audit_reports/v1_multitu_2tu_public_case_audit/SEQUENCE_RESULTS.csv	development audit outputs; not runtime software
audit_reports/v1_multitu_2tu_public_case_audit/SOURCE_FILES.csv	development audit outputs; not runtime software
audit_reports/v1_multitu_2tu_public_case_audit/TU_COMPONENT_MATRIX.csv	development audit outputs; not runtime software
audit_reports/v1_multitu_2tu_public_case_audit/UNRESOLVED_CONFLICTS.md	development audit outputs; not runtime software
audit_reports/v1_multitu_formal_closure/CHROMIUM_ACCEPTANCE.md	development audit outputs; not runtime software
audit_reports/v1_multitu_formal_closure/EXECUTIVE_SUMMARY.md	development audit outputs; not runtime software
audit_reports/v1_multitu_formal_closure/EXPORT_SEQUENCE_RESULTS.csv	development audit outputs; not runtime software
audit_reports/v1_multitu_formal_closure/FILES_CHANGED.csv	development audit outputs; not runtime software
audit_reports/v1_multitu_formal_closure/FINAL_CLOSURE.md	development audit outputs; not runtime software
audit_reports/v1_multitu_formal_closure/GENBANK_DOWNLOAD_EVIDENCE.json	development audit outputs; not runtime software
audit_reports/v1_multitu_formal_closure/MULTITU_ASSEMBLY_RESULTS.csv	development audit outputs; not runtime software
audit_reports/v1_multitu_formal_closure/PRE_FIX_RUNTIME_TRACE.csv	development audit outputs; not runtime software
audit_reports/v1_multitu_formal_closure/SAVE_REOPEN_RESULTS.csv	development audit outputs; not runtime software
audit_reports/v1_multitu_formal_closure/TEST_RESULTS.md	development audit outputs; not runtime software
audit_reports/v1_multitu_formal_closure/UNRESOLVED_RISKS.md	development audit outputs; not runtime software
audit_reports/v1_multitu_formal_closure/VECTOR_GUARD_RESULTS.csv	development audit outputs; not runtime software
audit_reports/v1_post_component_gap_audit/EXECUTIVE_SUMMARY.md	development audit outputs; not runtime software
audit_reports/v1_post_component_gap_audit/FILES_CHANGED.csv	development audit outputs; not runtime software
audit_reports/v1_post_component_gap_audit/FORMAL_ENTRY_TRACE.csv	development audit outputs; not runtime software
audit_reports/v1_post_component_gap_audit/LEGACY_USAGE_RESULTS.csv	development audit outputs; not runtime software
audit_reports/v1_post_component_gap_audit/NEXT_TASK_RECOMMENDATION.md	development audit outputs; not runtime software
audit_reports/v1_post_component_gap_audit/TEST_AND_BROWSER_EVIDENCE.md	development audit outputs; not runtime software
audit_reports/v1_post_component_gap_audit/UNRESOLVED_UNKNOWNS.md	development audit outputs; not runtime software
audit_reports/v1_post_component_gap_audit/USER_VISIBLE_BLOCKERS.csv	development audit outputs; not runtime software
audit_reports/v1_post_component_gap_audit/V1_FREEZE_GATE.csv	development audit outputs; not runtime software
audit_reports/v1_post_component_gap_audit/WORKFLOW_CAPABILITY_MATRIX.csv	development audit outputs; not runtime software
audit_reports/v1_real_case_candidate_audit/ALL_CANDIDATES.csv	development audit outputs; not runtime software
audit_reports/v1_real_case_candidate_audit/CURRENT_REPO_CASE_MATCH.csv	development audit outputs; not runtime software
audit_reports/v1_real_case_candidate_audit/EXECUTIVE_SUMMARY.md	development audit outputs; not runtime software
audit_reports/v1_real_case_candidate_audit/FILES_CHANGED.csv	development audit outputs; not runtime software
audit_reports/v1_real_case_candidate_audit/GATE3_PATHWAY_CANDIDATE_MATRIX.csv	development audit outputs; not runtime software
audit_reports/v1_real_case_candidate_audit/MULTI_TU_CANDIDATE_MATRIX.csv	development audit outputs; not runtime software
audit_reports/v1_real_case_candidate_audit/NEXT_TASK_RECOMMENDATION.md	development audit outputs; not runtime software
audit_reports/v1_real_case_candidate_audit/PRIMARY_AND_BACKUP_SELECTION.csv	development audit outputs; not runtime software
audit_reports/v1_real_case_candidate_audit/REAL_CASE_DATA_GAPS.csv	development audit outputs; not runtime software
audit_reports/v1_real_case_candidate_audit/REDISTRIBUTION_RESULTS.csv	development audit outputs; not runtime software
audit_reports/v1_real_case_candidate_audit/SEARCH_LOG.csv	development audit outputs; not runtime software
audit_reports/v1_real_case_candidate_audit/SINGLE_GENE_CANDIDATE_MATRIX.csv	development audit outputs; not runtime software
audit_reports/v1_real_case_candidate_audit/SOURCE_FILE_HASHES.csv	development audit outputs; not runtime software
audit_reports/v1_real_case_candidate_audit/UNRESOLVED_CONFLICTS.md	development audit outputs; not runtime software
audit_reports/vector_asset_contract_v1/CHROMIUM_ACCEPTANCE.md	development audit outputs; not runtime software
audit_reports/vector_asset_contract_v1/DATABASE_HASH.md	development audit outputs; not runtime software
audit_reports/vector_asset_contract_v1/EXECUTIVE_SUMMARY.md	development audit outputs; not runtime software
audit_reports/vector_asset_contract_v1/FILES_CHANGED.csv	development audit outputs; not runtime software
audit_reports/vector_asset_contract_v1/IDENTITY_TEST_RESULTS.csv	development audit outputs; not runtime software
audit_reports/vector_asset_contract_v1/TEST_RESULTS.md	development audit outputs; not runtime software
audit_reports/vector_asset_contract_v1/UNRESOLVED_RISKS.md	development audit outputs; not runtime software
audit_reports/vector_asset_contract_v1/UPLOAD_SAFETY_RESULTS.csv	development audit outputs; not runtime software
audit_reports/vector_asset_contract_v1/VECTOR_ASSET_MATRIX.csv	development audit outputs; not runtime software
audit_reports/vector_asset_contract_v1/WORKFLOW_GUARD_RESULTS.csv	development audit outputs; not runtime software
audit_reports/vector_backbone_pbi121_af485783_audit/CALL_SITE_INVENTORY.csv	development audit outputs; not runtime software
audit_reports/vector_backbone_pbi121_af485783_audit/DUPLICATION_RISK.csv	development audit outputs; not runtime software
audit_reports/vector_backbone_pbi121_af485783_audit/EXECUTIVE_SUMMARY.md	development audit outputs; not runtime software
audit_reports/vector_backbone_pbi121_af485783_audit/FEATURE_INVENTORY.csv	development audit outputs; not runtime software
audit_reports/vector_backbone_pbi121_af485783_audit/FILES_CREATED.csv	development audit outputs; not runtime software
audit_reports/vector_backbone_pbi121_af485783_audit/LOCAL_RESOURCE_INVENTORY.csv	development audit outputs; not runtime software
audit_reports/vector_backbone_pbi121_af485783_audit/LOCAL_VS_OFFICIAL_COMPARISON.md	development audit outputs; not runtime software
audit_reports/vector_backbone_pbi121_af485783_audit/SOURCE_AND_HASH_EVIDENCE.md	development audit outputs; not runtime software
audit_reports/vector_backbone_pbi121_af485783_audit/TDNA_BOUNDARY_EVIDENCE.csv	development audit outputs; not runtime software
audit_reports/vector_backbone_pbi121_af485783_audit/UNRESOLVED_RISKS.md	development audit outputs; not runtime software
audit_reports/vector_backbone_pbi121_audit/CALL_SITE_INVENTORY.csv	development audit outputs; not runtime software
audit_reports/vector_backbone_pbi121_audit/DUPLICATION_RISK.csv	development audit outputs; not runtime software
audit_reports/vector_backbone_pbi121_audit/EXECUTIVE_SUMMARY.md	development audit outputs; not runtime software
audit_reports/vector_backbone_pbi121_audit/FEATURE_INVENTORY.csv	development audit outputs; not runtime software
audit_reports/vector_backbone_pbi121_audit/FILES_CREATED.csv	development audit outputs; not runtime software
audit_reports/vector_backbone_pbi121_audit/LOCAL_RESOURCE_INVENTORY.csv	development audit outputs; not runtime software
audit_reports/vector_backbone_pbi121_audit/LOCAL_VS_OFFICIAL_COMPARISON.md	development audit outputs; not runtime software
audit_reports/vector_backbone_pbi121_audit/SOURCE_AND_HASH_EVIDENCE.md	development audit outputs; not runtime software
audit_reports/vector_backbone_pbi121_audit/UNRESOLVED_RISKS.md	development audit outputs; not runtime software
audit_reports/vector_backbone_pbin19_audit/CALL_SITE_INVENTORY.csv	development audit outputs; not runtime software
audit_reports/vector_backbone_pbin19_audit/DUPLICATION_RISK.csv	development audit outputs; not runtime software
audit_reports/vector_backbone_pbin19_audit/EXECUTIVE_SUMMARY.md	development audit outputs; not runtime software
audit_reports/vector_backbone_pbin19_audit/FEATURE_INVENTORY.csv	development audit outputs; not runtime software
audit_reports/vector_backbone_pbin19_audit/FILES_CREATED.csv	development audit outputs; not runtime software
audit_reports/vector_backbone_pbin19_audit/INSERTION_OR_REPLACEMENT_CANDIDATES.csv	development audit outputs; not runtime software
audit_reports/vector_backbone_pbin19_audit/LOCAL_VS_OFFICIAL_COMPARISON.md	development audit outputs; not runtime software
audit_reports/vector_backbone_pbin19_audit/SOURCE_AND_HASH_EVIDENCE.md	development audit outputs; not runtime software
audit_reports/vector_backbone_pbin19_audit/TDNA_BOUNDARY_EVIDENCE.csv	development audit outputs; not runtime software
audit_reports/vector_backbone_pbin19_audit/UNRESOLVED_RISKS.md	development audit outputs; not runtime software
audit_reports/vector_backbone_r229_audit/CALL_SITE_INVENTORY.csv	development audit outputs; not runtime software
audit_reports/vector_backbone_r229_audit/DATABASE_COMPARISON.md	development audit outputs; not runtime software
audit_reports/vector_backbone_r229_audit/DUPLICATION_RISK.csv	development audit outputs; not runtime software
audit_reports/vector_backbone_r229_audit/EXECUTIVE_SUMMARY.md	development audit outputs; not runtime software
audit_reports/vector_backbone_r229_audit/FEATURE_INVENTORY.csv	development audit outputs; not runtime software
audit_reports/vector_backbone_r229_audit/FILES_CREATED.csv	development audit outputs; not runtime software
audit_reports/vector_backbone_r229_audit/SOURCE_AND_HASH_EVIDENCE.md	development audit outputs; not runtime software
audit_reports/vector_backbone_r229_audit/UNRESOLVED_RISKS.md	development audit outputs; not runtime software
audit_reports/vector_contract_db_baseline_closure/DATABASE_PATH_INVENTORY.csv	development audit outputs; not runtime software
audit_reports/vector_contract_db_baseline_closure/EXECUTIVE_SUMMARY.md	development audit outputs; not runtime software
audit_reports/vector_contract_db_baseline_closure/FAILED_TEST_NODES.csv	development audit outputs; not runtime software
audit_reports/vector_contract_db_baseline_closure/FILES_CHANGED.csv	development audit outputs; not runtime software
audit_reports/vector_contract_db_baseline_closure/GIT_DATABASE_STATUS.md	development audit outputs; not runtime software
audit_reports/vector_contract_db_baseline_closure/TEST_RESULTS.md	development audit outputs; not runtime software
audit_reports/vector_contract_db_baseline_closure/UNRESOLVED_RISKS.md	development audit outputs; not runtime software
audit_reports/vlad2019_donor_rights_closure/GOVERNANCE_RECORD.json	development audit outputs; not runtime software
audit_reports/vlad2019_donor_rights_closure/REVIEW_PACKAGE.md	development audit outputs; not runtime software
audit_reports/vlad2019_rice_step3_exact_evidence/GOVERNANCE_RECORD.json	development audit outputs; not runtime software
audit_reports/vlad2019_rice_step3_exact_evidence/REVIEW_PACKAGE.md	development audit outputs; not runtime software
audit_reports/windows_packaging_p0a/EXECUTIVE_SUMMARY.md	development audit outputs; not runtime software
audit_reports/windows_packaging_p0a/FILES_CHANGED.csv	development audit outputs; not runtime software
audit_reports/windows_packaging_p0a/PATH_CHANGE_EVIDENCE.md	development audit outputs; not runtime software
audit_reports/windows_packaging_p0a/RUNTIME_WRITE_INVENTORY.csv	development audit outputs; not runtime software
audit_reports/windows_packaging_p0a/SECRET_FILE_EVIDENCE.md	development audit outputs; not runtime software
audit_reports/windows_packaging_p0a/TEST_RESULTS.md	development audit outputs; not runtime software
audit_reports/windows_packaging_p0a/UNRESOLVED_RISKS.md	development audit outputs; not runtime software
audit_reports/windows_packaging_p0b1/DEPENDENCY_CLASSIFICATION.csv	development audit outputs; not runtime software
audit_reports/windows_packaging_p0b1/EXECUTIVE_SUMMARY.md	development audit outputs; not runtime software
audit_reports/windows_packaging_p0b1/FILES_CREATED.csv	development audit outputs; not runtime software
audit_reports/windows_packaging_p0b1/IMPORT_REACHABILITY.csv	development audit outputs; not runtime software
audit_reports/windows_packaging_p0b1/LICENSE_INVENTORY.csv	development audit outputs; not runtime software
audit_reports/windows_packaging_p0b1/PACKAGE_EXCLUDE_LIST.csv	development audit outputs; not runtime software
audit_reports/windows_packaging_p0b1/RESOURCE_WHITELIST.csv	development audit outputs; not runtime software
audit_reports/windows_packaging_p0b1/UNRESOLVED_RISKS.md	development audit outputs; not runtime software
audit_reports/windows_packaging_p0b2a/EXECUTIVE_SUMMARY.md	development audit outputs; not runtime software
audit_reports/windows_packaging_p0b2a/FILES_CHANGED.csv	development audit outputs; not runtime software
audit_reports/windows_packaging_p0b2a/LICENSE_COVERAGE.md	development audit outputs; not runtime software
audit_reports/windows_packaging_p0b2a/LOCK_REPLAY_RESULTS.md	development audit outputs; not runtime software
audit_reports/windows_packaging_p0b2a/LOCK_RESOLUTION_EVIDENCE.md	development audit outputs; not runtime software
audit_reports/windows_packaging_p0b2a/RESOURCE_VALIDATION_RESULTS.md	development audit outputs; not runtime software
audit_reports/windows_packaging_p0b2a/TEST_RESULTS.md	development audit outputs; not runtime software
audit_reports/windows_packaging_p0b2a/UNRESOLVED_RISKS.md	development audit outputs; not runtime software
audit_reports/windows_packaging_p0b2b/ABSOLUTE_PATH_SCAN.csv	development audit outputs; not runtime software
audit_reports/windows_packaging_p0b2b/CHROMIUM_ACCEPTANCE.md	development audit outputs; not runtime software
audit_reports/windows_packaging_p0b2b/DATABASE_RESULTS.md	development audit outputs; not runtime software
audit_reports/windows_packaging_p0b2b/EXECUTIVE_SUMMARY.md	development audit outputs; not runtime software
audit_reports/windows_packaging_p0b2b/FILES_CHANGED.csv	development audit outputs; not runtime software
audit_reports/windows_packaging_p0b2b/FORBIDDEN_PACKAGE_SCAN.csv	development audit outputs; not runtime software
audit_reports/windows_packaging_p0b2b/IMPORT_ORIGIN_RESULTS.csv	development audit outputs; not runtime software
audit_reports/windows_packaging_p0b2b/INSTALLED_PACKAGE_INVENTORY.csv	development audit outputs; not runtime software
audit_reports/windows_packaging_p0b2b/LICENSE_REVIEW.md	development audit outputs; not runtime software
audit_reports/windows_packaging_p0b2b/PACKAGE_VERSION_COMPARISON.csv	development audit outputs; not runtime software
audit_reports/windows_packaging_p0b2b/RESOURCE_HASH_RESULTS.csv	development audit outputs; not runtime software
audit_reports/windows_packaging_p0b2b/RUNTIME_CLOSURE_DELTA.csv	development audit outputs; not runtime software
audit_reports/windows_packaging_p0b2b/STAGING_INVENTORY.csv	development audit outputs; not runtime software
audit_reports/windows_packaging_p0b2b/STREAMLIT_STARTUP.md	development audit outputs; not runtime software
audit_reports/windows_packaging_p0b2b/TEST_RESULTS.md	development audit outputs; not runtime software
audit_reports/windows_packaging_p0b2b/UAT_RUNTIME_CLOSURE_FINDING.md	development audit outputs; not runtime software
audit_reports/windows_packaging_p0b2b/UNRESOLVED_RISKS.md	development audit outputs; not runtime software
audit_reports/windows_packaging_p0b2b/WHEELHOUSE_INVENTORY.csv	development audit outputs; not runtime software
audit_reports/windows_packaging_p0b2b/WRITE_PATH_RESULTS.csv	development audit outputs; not runtime software
audit_reports/windows_packaging_p0b2b0/EXCLUDED_RESOURCES.csv	development audit outputs; not runtime software
audit_reports/windows_packaging_p0b2b0/EXECUTIVE_SUMMARY.md	development audit outputs; not runtime software
audit_reports/windows_packaging_p0b2b0/FILES_CHANGED.csv	development audit outputs; not runtime software
audit_reports/windows_packaging_p0b2b0/HIDDEN_IMPORT_RESULTS.csv	development audit outputs; not runtime software
audit_reports/windows_packaging_p0b2b0/INCLUDED_RESOURCES.csv	development audit outputs; not runtime software
audit_reports/windows_packaging_p0b2b0/LICENSE_REVIEW.csv	development audit outputs; not runtime software
audit_reports/windows_packaging_p0b2b0/RESOURCE_INVENTORY.csv	development audit outputs; not runtime software
audit_reports/windows_packaging_p0b2b0/SOURCE_RECORD_HASH_RESULTS.csv	development audit outputs; not runtime software
audit_reports/windows_packaging_p0b2b0/STAGING_REPLAY_RESULTS.csv	development audit outputs; not runtime software
audit_reports/windows_packaging_p0b2b0/TEST_RESULTS.md	development audit outputs; not runtime software
audit_reports/windows_packaging_p0b2b0/UNRESOLVED_RISKS.md	development audit outputs; not runtime software
audit_reports/windows_packaging_preaudit/DEPENDENCY_INVENTORY.csv	development audit outputs; not runtime software
audit_reports/windows_packaging_preaudit/EXECUTIVE_SUMMARY.md	development audit outputs; not runtime software
audit_reports/windows_packaging_preaudit/FILES_CREATED.csv	development audit outputs; not runtime software
audit_reports/windows_packaging_preaudit/PACKAGE_INCLUDE_EXCLUDE.csv	development audit outputs; not runtime software
audit_reports/windows_packaging_preaudit/PACKAGING_BLOCKERS.csv	development audit outputs; not runtime software
audit_reports/windows_packaging_preaudit/PATH_RISK_INVENTORY.csv	development audit outputs; not runtime software
audit_reports/windows_packaging_preaudit/RUNTIME_RESOURCE_INVENTORY.csv	development audit outputs; not runtime software
audit_reports/windows_packaging_preaudit/UNRESOLVED_RISKS.md	development audit outputs; not runtime software
docs/00_FILE_DEVELOPMENT_PATH.md	development documentation and QA screenshots; not required to run frozen software
docs/AGENT_V1_PORT_MATRIX_R1.md	development documentation and QA screenshots; not required to run frozen software
docs/README.md	development documentation and QA screenshots; not required to run frozen software
docs/UI_TYPOGRAPHY_AND_PAGE_ARCHITECTURE_AUDIT.md	development documentation and QA screenshots; not required to run frozen software
docs/architecture_v2/00_BASELINE_REFERENCE.md	development documentation and QA screenshots; not required to run frozen software
docs/architecture_v2/01_CURRENT_PRODUCT_STATUS.md	development documentation and QA screenshots; not required to run frozen software
docs/architecture_v2/02_FEATURE_INVENTORY.csv	development documentation and QA screenshots; not required to run frozen software
docs/architecture_v2/03_SYSTEM_ARCHITECTURE.md	development documentation and QA screenshots; not required to run frozen software
docs/architecture_v2/04_MODULE_MAP.csv	development documentation and QA screenshots; not required to run frozen software
docs/architecture_v2/05_DATA_OWNERSHIP_MATRIX.csv	development documentation and QA screenshots; not required to run frozen software
docs/architecture_v2/06_PERSISTENCE_ARCHITECTURE.md	development documentation and QA screenshots; not required to run frozen software
docs/architecture_v2/07_SCHEMA_REPRODUCIBILITY_GAP.md	development documentation and QA screenshots; not required to run frozen software
docs/architecture_v2/08_V1_PRODUCT_SCOPE.md	development documentation and QA screenshots; not required to run frozen software
docs/architecture_v2/09_PHASE2_IMPLEMENTATION_PLAN.md	development documentation and QA screenshots; not required to run frozen software
docs/architecture_v2/10_DECISION_LOG.md	development documentation and QA screenshots; not required to run frozen software
docs/architecture_v2/11_OPEN_RISKS.md	development documentation and QA screenshots; not required to run frozen software
docs/architecture_v2/README.md	development documentation and QA screenshots; not required to run frozen software
docs/architecture_v2/literature_benchmark_preaudit/00_SCOPE.md	development documentation and QA screenshots; not required to run frozen software
docs/architecture_v2/literature_benchmark_preaudit/01_EVIDENCE_STANDARD.md	development documentation and QA screenshots; not required to run frozen software
docs/architecture_v2/literature_benchmark_preaudit/02_CANDIDATE_ASSESSMENT.md	development documentation and QA screenshots; not required to run frozen software
docs/architecture_v2/literature_benchmark_preaudit/03_SOFTWARE_CAPABILITY_MAPPING.md	development documentation and QA screenshots; not required to run frozen software
docs/architecture_v2/literature_benchmark_preaudit/04_PROVISIONAL_BENCHMARK_SET.md	development documentation and QA screenshots; not required to run frozen software
docs/architecture_v2/literature_benchmark_preaudit/05_NEXT_STAGE_CONTRACT.md	development documentation and QA screenshots; not required to run frozen software
docs/architecture_v2/literature_benchmark_preaudit/README.md	development documentation and QA screenshots; not required to run frozen software
docs/architecture_v2/mt01_formal_runtime_integration/00_SCOPE.md	development documentation and QA screenshots; not required to run frozen software
docs/architecture_v2/mt01_formal_runtime_integration/01_FORMAL_ROUTE_AND_SOURCE_ADMISSION.md	development documentation and QA screenshots; not required to run frozen software
docs/architecture_v2/mt01_formal_runtime_integration/02_CASE_PROVENANCE_MODEL.md	development documentation and QA screenshots; not required to run frozen software
docs/architecture_v2/mt01_formal_runtime_integration/03_CANONICAL_AND_ORIENTATION.md	development documentation and QA screenshots; not required to run frozen software
docs/architecture_v2/mt01_formal_runtime_integration/04_SAVE_AND_COLD_REOPEN.md	development documentation and QA screenshots; not required to run frozen software
docs/architecture_v2/mt01_formal_runtime_integration/05_EXPORT_TRACEABILITY.md	development documentation and QA screenshots; not required to run frozen software
docs/architecture_v2/mt01_formal_runtime_integration/06_ACCEPTANCE_CONTRACT.md	development documentation and QA screenshots; not required to run frozen software
docs/architecture_v2/mt01_formal_runtime_integration/README.md	development documentation and QA screenshots; not required to run frozen software
docs/architecture_v2/mt01_gold_standard_contract/00_SCOPE.md	development documentation and QA screenshots; not required to run frozen software
docs/architecture_v2/mt01_gold_standard_contract/01_SOURCE_AND_PROVENANCE.md	development documentation and QA screenshots; not required to run frozen software
docs/architecture_v2/mt01_gold_standard_contract/02_EXTRACTION_CONTRACT.md	development documentation and QA screenshots; not required to run frozen software
docs/architecture_v2/mt01_gold_standard_contract/03_TU_ORIENTATION_MODEL.md	development documentation and QA screenshots; not required to run frozen software
docs/architecture_v2/mt01_gold_standard_contract/04_COMPONENT_AND_JUNCTION_CONTRACT.md	development documentation and QA screenshots; not required to run frozen software
docs/architecture_v2/mt01_gold_standard_contract/05_EXPECTED_FEATURES.md	development documentation and QA screenshots; not required to run frozen software
docs/architecture_v2/mt01_gold_standard_contract/06_EXTERNAL_SOURCE_VERIFICATION.md	development documentation and QA screenshots; not required to run frozen software
docs/architecture_v2/mt01_gold_standard_contract/07_ACCEPTANCE_CONTRACT.md	development documentation and QA screenshots; not required to run frozen software
docs/architecture_v2/mt01_gold_standard_contract/README.md	development documentation and QA screenshots; not required to run frozen software
docs/architecture_v2/mt02_formal_runtime_integration/00_SCOPE.md	development documentation and QA screenshots; not required to run frozen software
docs/architecture_v2/mt02_formal_runtime_integration/01_FORMAL_ROUTE_AND_SOURCE_ADMISSION.md	development documentation and QA screenshots; not required to run frozen software
docs/architecture_v2/mt02_formal_runtime_integration/02_CASE_PROVENANCE_MODEL.md	development documentation and QA screenshots; not required to run frozen software
docs/architecture_v2/mt02_formal_runtime_integration/03_CANONICAL_AND_ORIENTATION.md	development documentation and QA screenshots; not required to run frozen software
docs/architecture_v2/mt02_formal_runtime_integration/04_SAVE_AND_COLD_REOPEN.md	development documentation and QA screenshots; not required to run frozen software
docs/architecture_v2/mt02_formal_runtime_integration/05_EXPORT_TRACEABILITY.md	development documentation and QA screenshots; not required to run frozen software
docs/architecture_v2/mt02_formal_runtime_integration/06_ACCEPTANCE_CONTRACT.md	development documentation and QA screenshots; not required to run frozen software
docs/architecture_v2/mt02_formal_runtime_integration/README.md	development documentation and QA screenshots; not required to run frozen software
docs/architecture_v2/mt02_gold_standard_contract/FEATURE_AND_ATOMIC_PARTITION.md	development documentation and QA screenshots; not required to run frozen software
docs/architecture_v2/mt02_gold_standard_contract/JUNCTION_VALIDATION.md	development documentation and QA screenshots; not required to run frozen software
docs/architecture_v2/mt02_gold_standard_contract/PROVENANCE_AND_REDISTRIBUTION.md	development documentation and QA screenshots; not required to run frozen software
docs/architecture_v2/mt02_gold_standard_contract/README.md	development documentation and QA screenshots; not required to run frozen software
docs/architecture_v2/mt02_gold_standard_contract/SCIENTIFIC_CONTRACT.md	development documentation and QA screenshots; not required to run frozen software
docs/architecture_v2/mt02_gold_standard_contract/SOURCE_AND_EXTRACTION.md	development documentation and QA screenshots; not required to run frozen software
docs/architecture_v2/mt02_gold_standard_contract/TU_AND_ORIENTATION_PROOF.md	development documentation and QA screenshots; not required to run frozen software
docs/architecture_v2/mt02_pdoe13_evidence_confirmation/00_SCOPE.md	development documentation and QA screenshots; not required to run frozen software
docs/architecture_v2/mt02_pdoe13_evidence_confirmation/01_SOURCE_AND_PAPER_IDENTITY.md	development documentation and QA screenshots; not required to run frozen software
docs/architecture_v2/mt02_pdoe13_evidence_confirmation/02_TU_COUNT_AND_STRUCTURE.md	development documentation and QA screenshots; not required to run frozen software
docs/architecture_v2/mt02_pdoe13_evidence_confirmation/03_REGION_EXTRACTION.md	development documentation and QA screenshots; not required to run frozen software
docs/architecture_v2/mt02_pdoe13_evidence_confirmation/04_COMPONENT_AND_JUNCTION_ANALYSIS.md	development documentation and QA screenshots; not required to run frozen software
docs/architecture_v2/mt02_pdoe13_evidence_confirmation/05_MT01_INDEPENDENCE.md	development documentation and QA screenshots; not required to run frozen software
docs/architecture_v2/mt02_pdoe13_evidence_confirmation/06_PRODUCT_CONTRACT_FIT.md	development documentation and QA screenshots; not required to run frozen software
docs/architecture_v2/mt02_pdoe13_evidence_confirmation/07_REDISTRIBUTION.md	development documentation and QA screenshots; not required to run frozen software
docs/architecture_v2/mt02_pdoe13_evidence_confirmation/08_FINAL_CLASSIFICATION.md	development documentation and QA screenshots; not required to run frozen software
docs/architecture_v2/mt02_pdoe13_evidence_confirmation/09_NEXT_TASK_CONTRACT.md	development documentation and QA screenshots; not required to run frozen software
docs/architecture_v2/mt02_pdoe13_evidence_confirmation/README.md	development documentation and QA screenshots; not required to run frozen software
docs/architecture_v2/p307_fbp6_evidence_gap/00_SCOPE.md	development documentation and QA screenshots; not required to run frozen software
docs/architecture_v2/p307_fbp6_evidence_gap/01_SOURCE_IDENTITY.md	development documentation and QA screenshots; not required to run frozen software
docs/architecture_v2/p307_fbp6_evidence_gap/02_SEQUENCE_ACQUISITION.md	development documentation and QA screenshots; not required to run frozen software
docs/architecture_v2/p307_fbp6_evidence_gap/03_FIVE_TU_STRUCTURE.md	development documentation and QA screenshots; not required to run frozen software
docs/architecture_v2/p307_fbp6_evidence_gap/04_NNH3H_CONFLICT.md	development documentation and QA screenshots; not required to run frozen software
docs/architecture_v2/p307_fbp6_evidence_gap/05_JUNCTION_AND_SCAR.md	development documentation and QA screenshots; not required to run frozen software
docs/architecture_v2/p307_fbp6_evidence_gap/06_VECTOR_CONTRACT_FIT.md	development documentation and QA screenshots; not required to run frozen software
docs/architecture_v2/p307_fbp6_evidence_gap/07_REDISTRIBUTION.md	development documentation and QA screenshots; not required to run frozen software
docs/architecture_v2/p307_fbp6_evidence_gap/08_FINAL_CLASSIFICATION.md	development documentation and QA screenshots; not required to run frozen software
docs/architecture_v2/p307_fbp6_evidence_gap/09_NEXT_TASK_CONTRACT.md	development documentation and QA screenshots; not required to run frozen software
docs/architecture_v2/p307_fbp6_evidence_gap/README.md	development documentation and QA screenshots; not required to run frozen software
docs/architecture_v2/pbi121_exact_replacement_workflow/00_SCOPE.md	development documentation and QA screenshots; not required to run frozen software
docs/architecture_v2/pbi121_exact_replacement_workflow/01_REPLACEMENT_CONTRACT.md	development documentation and QA screenshots; not required to run frozen software
docs/architecture_v2/pbi121_exact_replacement_workflow/02_UI_AND_WORKFLOW_POLICY.md	development documentation and QA screenshots; not required to run frozen software
docs/architecture_v2/pbi121_exact_replacement_workflow/03_SEQUENCE_SAFETY_GUARDS.md	development documentation and QA screenshots; not required to run frozen software
docs/architecture_v2/pbi121_exact_replacement_workflow/04_SAVE_REOPEN_EXPORT.md	development documentation and QA screenshots; not required to run frozen software
docs/architecture_v2/pbi121_exact_replacement_workflow/05_ACCEPTANCE_CONTRACT.md	development documentation and QA screenshots; not required to run frozen software
docs/architecture_v2/pbi121_exact_replacement_workflow/README.md	development documentation and QA screenshots; not required to run frozen software
docs/architecture_v2/pcambia1300_exact_insertion_audit/00_SCOPE.md	development documentation and QA screenshots; not required to run frozen software
docs/architecture_v2/pcambia1300_exact_insertion_audit/01_VECTOR_IDENTITY.md	development documentation and QA screenshots; not required to run frozen software
docs/architecture_v2/pcambia1300_exact_insertion_audit/02_TDNA_AND_FEATURE_MAP.md	development documentation and QA screenshots; not required to run frozen software
docs/architecture_v2/pcambia1300_exact_insertion_audit/03_CURRENT_INSERTION_TRACE.md	development documentation and QA screenshots; not required to run frozen software
docs/architecture_v2/pcambia1300_exact_insertion_audit/04_OFFICIAL_CLONING_SITE_EVIDENCE.md	development documentation and QA screenshots; not required to run frozen software
docs/architecture_v2/pcambia1300_exact_insertion_audit/05_WORKFLOW_COMPATIBILITY.md	development documentation and QA screenshots; not required to run frozen software
docs/architecture_v2/pcambia1300_exact_insertion_audit/06_IMPLEMENTATION_CONTRACT.md	development documentation and QA screenshots; not required to run frozen software
docs/architecture_v2/pcambia1300_exact_insertion_audit/README.md	development documentation and QA screenshots; not required to run frozen software
docs/architecture_v2/pcambia1300_exact_insertion_workflow/00_SCOPE.md	development documentation and QA screenshots; not required to run frozen software
docs/architecture_v2/pcambia1300_exact_insertion_workflow/01_EXACT_INSERTION_CONTRACT.md	development documentation and QA screenshots; not required to run frozen software
docs/architecture_v2/pcambia1300_exact_insertion_workflow/02_FEATURE_REMAP_POLICY.md	development documentation and QA screenshots; not required to run frozen software
docs/architecture_v2/pcambia1300_exact_insertion_workflow/03_UI_AND_WORKFLOW_POLICY.md	development documentation and QA screenshots; not required to run frozen software
docs/architecture_v2/pcambia1300_exact_insertion_workflow/04_SAVE_REOPEN_EXPORT.md	development documentation and QA screenshots; not required to run frozen software
docs/architecture_v2/pcambia1300_exact_insertion_workflow/05_ACCEPTANCE_CONTRACT.md	development documentation and QA screenshots; not required to run frozen software
docs/architecture_v2/pcambia1300_exact_insertion_workflow/README.md	development documentation and QA screenshots; not required to run frozen software
docs/architecture_v2/phase2b/00_PHASE2B_SCOPE.md	development documentation and QA screenshots; not required to run frozen software
docs/architecture_v2/phase2b/01_CURRENT_SCHEMA_MANIFEST.md	development documentation and QA screenshots; not required to run frozen software
docs/architecture_v2/phase2b/02_SCHEMA_OBJECTS.csv	development documentation and QA screenshots; not required to run frozen software
docs/architecture_v2/phase2b/03_TABLE_OWNERSHIP.csv	development documentation and QA screenshots; not required to run frozen software
docs/architecture_v2/phase2b/04_DETERMINISTIC_REBUILD_ANALYSIS.md	development documentation and QA screenshots; not required to run frozen software
docs/architecture_v2/phase2b/05_TOOL_ARTIFACTS_DECISION.md	development documentation and QA screenshots; not required to run frozen software
docs/architecture_v2/phase2b/06_LEGACY_SAVED_DESIGNS_ANALYSIS.md	development documentation and QA screenshots; not required to run frozen software
docs/architecture_v2/phase2b/07_DATABASE_DISTRIBUTION_OPTIONS.md	development documentation and QA screenshots; not required to run frozen software
docs/architecture_v2/phase2b/08_RECOMMENDED_DATABASE_DISTRIBUTION.md	development documentation and QA screenshots; not required to run frozen software
docs/architecture_v2/phase2b/09_SCHEMA_VERSIONING_DESIGN.md	development documentation and QA screenshots; not required to run frozen software
docs/architecture_v2/phase2b/10_BACKUP_AND_ROLLBACK_DESIGN.md	development documentation and QA screenshots; not required to run frozen software
docs/architecture_v2/phase2b/11_BUILTIN_VS_USER_DATA_DECISION.md	development documentation and QA screenshots; not required to run frozen software
docs/architecture_v2/phase2b/12_PHASE2C_IMPLEMENTATION_CONTRACT.md	development documentation and QA screenshots; not required to run frozen software
docs/architecture_v2/phase2b/13_ACCEPTANCE_TEST_PLAN.md	development documentation and QA screenshots; not required to run frozen software
docs/architecture_v2/phase2b/README.md	development documentation and QA screenshots; not required to run frozen software
docs/architecture_v2/phase2b/schema_manifest.json	development documentation and QA screenshots; not required to run frozen software
docs/architecture_v2/phase2c/00_PHASE2C_SCOPE.md	development documentation and QA screenshots; not required to run frozen software
docs/architecture_v2/phase2c/01_IMPLEMENTED_DATABASE_LIFECYCLE.md	development documentation and QA screenshots; not required to run frozen software
docs/architecture_v2/phase2c/02_MIGRATION_REGISTRY.md	development documentation and QA screenshots; not required to run frozen software
docs/architecture_v2/phase2c/03_LEGACY_DATABASE_ADAPTER.md	development documentation and QA screenshots; not required to run frozen software
docs/architecture_v2/phase2c/04_BACKUP_AND_RECOVERY_IMPLEMENTATION.md	development documentation and QA screenshots; not required to run frozen software
docs/architecture_v2/phase2c/05_SEED_VERSIONING.md	development documentation and QA screenshots; not required to run frozen software
docs/architecture_v2/phase2c/06_ACCEPTANCE_RESULTS.md	development documentation and QA screenshots; not required to run frozen software
docs/architecture_v2/phase2c/07_PHASE2D_ENTRY_CONTRACT.md	development documentation and QA screenshots; not required to run frozen software
docs/architecture_v2/phase2c/README.md	development documentation and QA screenshots; not required to run frozen software
docs/architecture_v2/phase2d/00_PHASE2D_SCOPE.md	development documentation and QA screenshots; not required to run frozen software
docs/architecture_v2/phase2d/01_FORMAL_ENTRYPOINT_CALL_GRAPH.md	development documentation and QA screenshots; not required to run frozen software
docs/architecture_v2/phase2d/02_MVP_APP_DEPENDENCY_MAP.csv	development documentation and QA screenshots; not required to run frozen software
docs/architecture_v2/phase2d/03_LEGACY_MODULE_CLASSIFICATION.csv	development documentation and QA screenshots; not required to run frozen software
docs/architecture_v2/phase2d/04_RUNTIME_REACHABILITY.md	development documentation and QA screenshots; not required to run frozen software
docs/architecture_v2/phase2d/05_DESIGN_LIBRARY_ORDER_DEPENDENCY.md	development documentation and QA screenshots; not required to run frozen software
docs/architecture_v2/phase2d/06_UNIQUE_COMMIT_SEMANTIC_REVIEW.csv	development documentation and QA screenshots; not required to run frozen software
docs/architecture_v2/phase2d/07_SAVE_SEMANTICS_MAP.md	development documentation and QA screenshots; not required to run frozen software
docs/architecture_v2/phase2d/08_CONVERGENCE_BATCH_PLAN.md	development documentation and QA screenshots; not required to run frozen software
docs/architecture_v2/phase2d/09_REMOVAL_ACCEPTANCE_CRITERIA.md	development documentation and QA screenshots; not required to run frozen software
docs/architecture_v2/phase2d/10_PHASE2D_B_IMPLEMENTATION_CONTRACT.md	development documentation and QA screenshots; not required to run frozen software
docs/architecture_v2/phase2d/README.md	development documentation and QA screenshots; not required to run frozen software
docs/architecture_v2/phase2d_batch1/00_BATCH1_SCOPE.md	development documentation and QA screenshots; not required to run frozen software
docs/architecture_v2/phase2d_batch1/01_HELPER_EXTRACTION_MAP.md	development documentation and QA screenshots; not required to run frozen software
docs/architecture_v2/phase2d_batch1/02_COMPATIBILITY_EXPORTS.md	development documentation and QA screenshots; not required to run frozen software
docs/architecture_v2/phase2d_batch1/03_BEHAVIOR_EQUIVALENCE.md	development documentation and QA screenshots; not required to run frozen software
docs/architecture_v2/phase2d_batch1/04_TEST_RESULTS.md	development documentation and QA screenshots; not required to run frozen software
docs/architecture_v2/phase2d_batch1/05_BATCH2_ENTRY_CONTRACT.md	development documentation and QA screenshots; not required to run frozen software
docs/architecture_v2/phase2d_batch1/README.md	development documentation and QA screenshots; not required to run frozen software
docs/architecture_v2/phase2d_batch2/00_BATCH2_SCOPE.md	development documentation and QA screenshots; not required to run frozen software
docs/architecture_v2/phase2d_batch2/01_SAVE_CONTRACT.md	development documentation and QA screenshots; not required to run frozen software
docs/architecture_v2/phase2d_batch2/02_JSON_PROJECT_SCHEMA.md	development documentation and QA screenshots; not required to run frozen software
docs/architecture_v2/phase2d_batch2/03_LEGACY_COMPATIBILITY.md	development documentation and QA screenshots; not required to run frozen software
docs/architecture_v2/phase2d_batch2/04_UI_SEMANTICS.md	development documentation and QA screenshots; not required to run frozen software
docs/architecture_v2/phase2d_batch2/05_TEST_RESULTS.md	development documentation and QA screenshots; not required to run frozen software
docs/architecture_v2/phase2d_batch2/06_BATCH3_ENTRY_CONTRACT.md	development documentation and QA screenshots; not required to run frozen software
docs/architecture_v2/phase2d_batch2/README.md	development documentation and QA screenshots; not required to run frozen software
docs/architecture_v2/phase2d_batch3/00_BATCH3_SCOPE.md	development documentation and QA screenshots; not required to run frozen software
docs/architecture_v2/phase2d_batch3/01_FORMAL_LEGACY_IMPORT_BOUNDARY.md	development documentation and QA screenshots; not required to run frozen software
docs/architecture_v2/phase2d_batch3/02_LEGACY_COMPATIBILITY_ENTRYPOINT.md	development documentation and QA screenshots; not required to run frozen software
docs/architecture_v2/phase2d_batch3/03_STREAMLIT_STATE_OWNERSHIP.md	development documentation and QA screenshots; not required to run frozen software
docs/architecture_v2/phase2d_batch3/04_DESIGN_LIBRARY_ORDER_ROOT_CAUSE.md	development documentation and QA screenshots; not required to run frozen software
docs/architecture_v2/phase2d_batch3/05_TEST_RESULTS.md	development documentation and QA screenshots; not required to run frozen software
docs/architecture_v2/phase2d_batch3/06_BATCH4_ENTRY_CONTRACT.md	development documentation and QA screenshots; not required to run frozen software
docs/architecture_v2/phase2d_batch3/README.md	development documentation and QA screenshots; not required to run frozen software
docs/architecture_v2/phase2d_batch3_1/README.md	development documentation and QA screenshots; not required to run frozen software
docs/architecture_v2/phase2d_batch3_1/ROOT_CAUSE_AND_FIX.md	development documentation and QA screenshots; not required to run frozen software
docs/architecture_v2/phase2d_batch4/BATCH5_ENTRY_CONTRACT.md	development documentation and QA screenshots; not required to run frozen software
docs/architecture_v2/phase2d_batch4/FINAL_PRODUCT_DECISION.md	development documentation and QA screenshots; not required to run frozen software
docs/architecture_v2/phase2d_batch4/README.md	development documentation and QA screenshots; not required to run frozen software
docs/architecture_v2/phase2d_batch4/V1_COMPATIBILITY_POLICY.md	development documentation and QA screenshots; not required to run frozen software
docs/architecture_v2/phase2d_batch4a/00_SCOPE.md	development documentation and QA screenshots; not required to run frozen software
docs/architecture_v2/phase2d_batch4a/01_LEGACY_SAVE_CALL_GRAPH.md	development documentation and QA screenshots; not required to run frozen software
docs/architecture_v2/phase2d_batch4a/02_LEGACY_RECORD_MODEL.md	development documentation and QA screenshots; not required to run frozen software
docs/architecture_v2/phase2d_batch4a/03_DOUBLE_WRITE_ASSESSMENT.md	development documentation and QA screenshots; not required to run frozen software
docs/architecture_v2/phase2d_batch4a/04_SQLITE_TO_JSON_MAPPING.csv	development documentation and QA screenshots; not required to run frozen software
docs/architecture_v2/phase2d_batch4a/05_MIGRATION_PREVIEW_CONTRACT.md	development documentation and QA screenshots; not required to run frozen software
docs/architecture_v2/phase2d_batch4a/06_VALIDATION_AND_ERROR_MODEL.md	development documentation and QA screenshots; not required to run frozen software
docs/architecture_v2/phase2d_batch4a/07_BATCH4B_IMPLEMENTATION_CONTRACT.md	development documentation and QA screenshots; not required to run frozen software
docs/architecture_v2/phase2d_batch4a/README.md	development documentation and QA screenshots; not required to run frozen software
docs/architecture_v2/phase2d_batch5a/00_SCOPE.md	development documentation and QA screenshots; not required to run frozen software
docs/architecture_v2/phase2d_batch5a/01_TOOL_ARTIFACTS_SCHEMA_AND_CALL_GRAPH.md	development documentation and QA screenshots; not required to run frozen software
docs/architecture_v2/phase2d_batch5a/02_FORMAL_RUNTIME_REACHABILITY.md	development documentation and QA screenshots; not required to run frozen software
docs/architecture_v2/phase2d_batch5a/03_HISTORICAL_PACKAGE_COMPATIBILITY.md	development documentation and QA screenshots; not required to run frozen software
docs/architecture_v2/phase2d_batch5a/04_NONEMPTY_USER_DATABASE_POLICY.md	development documentation and QA screenshots; not required to run frozen software
docs/architecture_v2/phase2d_batch5a/05_V1_PRODUCT_DECISION.md	development documentation and QA screenshots; not required to run frozen software
docs/architecture_v2/phase2d_batch5a/06_DEPRECATION_AND_REMOVAL_CRITERIA.md	development documentation and QA screenshots; not required to run frozen software
docs/architecture_v2/phase2d_batch5a/07_PHASE2D_CLOSURE_CONTRACT.md	development documentation and QA screenshots; not required to run frozen software
docs/architecture_v2/phase2d_batch5a/README.md	development documentation and QA screenshots; not required to run frozen software
docs/architecture_v2/plant_component_library_v1_l1/00_SCOPE.md	development documentation and QA screenshots; not required to run frozen software
docs/architecture_v2/plant_component_library_v1_l1/01_SELECTED_CANDIDATES.md	development documentation and QA screenshots; not required to run frozen software
docs/architecture_v2/plant_component_library_v1_l1/02_SEQUENCE_INTAKE_METHOD.md	development documentation and QA screenshots; not required to run frozen software
docs/architecture_v2/plant_component_library_v1_l1/03_BOUNDARY_AND_PROVENANCE.md	development documentation and QA screenshots; not required to run frozen software
docs/architecture_v2/plant_component_library_v1_l1/04_REGISTRY_SCHEMA.md	development documentation and QA screenshots; not required to run frozen software
docs/architecture_v2/plant_component_library_v1_l1/05_BATCH1_RESULTS.md	development documentation and QA screenshots; not required to run frozen software
docs/architecture_v2/plant_component_library_v1_l1/06_BATCH_L2_ENTRY_CONTRACT.md	development documentation and QA screenshots; not required to run frozen software
docs/architecture_v2/plant_component_library_v1_l1/README.md	development documentation and QA screenshots; not required to run frozen software
docs/architecture_v2/plant_component_library_v1_l1_recovery/HOLD_REASSESSMENT.md	development documentation and QA screenshots; not required to run frozen software
docs/architecture_v2/plant_component_library_v1_l1_recovery/L2_ENTRY_DECISION.md	development documentation and QA screenshots; not required to run frozen software
docs/architecture_v2/plant_component_library_v1_l1_recovery/PBIN19_BOUNDARY_DECISION.md	development documentation and QA screenshots; not required to run frozen software
docs/architecture_v2/plant_component_library_v1_l1_recovery/README.md	development documentation and QA screenshots; not required to run frozen software
docs/architecture_v2/plant_component_library_v1_l1_recovery/REGULATORY_COMPONENT_EVIDENCE.md	development documentation and QA screenshots; not required to run frozen software
docs/architecture_v2/plant_component_library_v1_preaudit/00_SCOPE.md	development documentation and QA screenshots; not required to run frozen software
docs/architecture_v2/plant_component_library_v1_preaudit/01_CURRENT_LIBRARY_MODEL.md	development documentation and QA screenshots; not required to run frozen software
docs/architecture_v2/plant_component_library_v1_preaudit/02_TARGET_SPECIES_AND_SCALE.md	development documentation and QA screenshots; not required to run frozen software
docs/architecture_v2/plant_component_library_v1_preaudit/03_EVIDENCE_STANDARD.md	development documentation and QA screenshots; not required to run frozen software
docs/architecture_v2/plant_component_library_v1_preaudit/04_CANDIDATE_SELECTION.md	development documentation and QA screenshots; not required to run frozen software
docs/architecture_v2/plant_component_library_v1_preaudit/05_DATA_MODEL_AND_SOURCE_DECISION.md	development documentation and QA screenshots; not required to run frozen software
docs/architecture_v2/plant_component_library_v1_preaudit/06_IMPLEMENTATION_PLAN.md	development documentation and QA screenshots; not required to run frozen software
docs/architecture_v2/plant_component_library_v1_preaudit/README.md	development documentation and QA screenshots; not required to run frozen software
docs/architecture_v2/v1_component_library_workflow_integration/00_SCOPE.md	development documentation and QA screenshots; not required to run frozen software
docs/architecture_v2/v1_component_library_workflow_integration/01_CURRENT_INTEGRATION_TRACE.md	development documentation and QA screenshots; not required to run frozen software
docs/architecture_v2/v1_component_library_workflow_integration/02_COMPONENT_SELECTION_CONTRACT.md	development documentation and QA screenshots; not required to run frozen software
docs/architecture_v2/v1_component_library_workflow_integration/03_EVIDENCE_PRESENTATION.md	development documentation and QA screenshots; not required to run frozen software
docs/architecture_v2/v1_component_library_workflow_integration/04_SAVE_REOPEN_SNAPSHOT.md	development documentation and QA screenshots; not required to run frozen software
docs/architecture_v2/v1_component_library_workflow_integration/05_EXPORT_TRACEABILITY.md	development documentation and QA screenshots; not required to run frozen software
docs/architecture_v2/v1_component_library_workflow_integration/06_ACCEPTANCE_CONTRACT.md	development documentation and QA screenshots; not required to run frozen software
docs/architecture_v2/v1_component_library_workflow_integration/README.md	development documentation and QA screenshots; not required to run frozen software
docs/architecture_v2/v1_development_status_audit/00_SCOPE.md	development documentation and QA screenshots; not required to run frozen software
docs/architecture_v2/v1_development_status_audit/01_FORMAL_ENTRY_AND_RUNTIME_MAP.md	development documentation and QA screenshots; not required to run frozen software
docs/architecture_v2/v1_development_status_audit/02_WORKFLOW_STATUS_MATRIX.md	development documentation and QA screenshots; not required to run frozen software
docs/architecture_v2/v1_development_status_audit/03_COMPONENT_LIBRARY_ACTUAL_STATUS.md	development documentation and QA screenshots; not required to run frozen software
docs/architecture_v2/v1_development_status_audit/04_LEGACY_CODE_CLASSIFICATION.md	development documentation and QA screenshots; not required to run frozen software
docs/architecture_v2/v1_development_status_audit/05_V1_GAP_ANALYSIS.md	development documentation and QA screenshots; not required to run frozen software
docs/architecture_v2/v1_development_status_audit/06_NEXT_DEVELOPMENT_DECISION.md	development documentation and QA screenshots; not required to run frozen software
docs/architecture_v2/v1_development_status_audit/07_ACCEPTANCE_EVIDENCE.md	development documentation and QA screenshots; not required to run frozen software
docs/architecture_v2/v1_development_status_audit/README.md	development documentation and QA screenshots; not required to run frozen software
docs/architecture_v2/v1_multitu_2tu_public_case_audit/00_SCOPE.md	development documentation and QA screenshots; not required to run frozen software
docs/architecture_v2/v1_multitu_2tu_public_case_audit/01_SEARCH_STRATEGY.md	development documentation and QA screenshots; not required to run frozen software
docs/architecture_v2/v1_multitu_2tu_public_case_audit/02_EVIDENCE_STANDARD.md	development documentation and QA screenshots; not required to run frozen software
docs/architecture_v2/v1_multitu_2tu_public_case_audit/03_CANDIDATE_RESULTS.md	development documentation and QA screenshots; not required to run frozen software
docs/architecture_v2/v1_multitu_2tu_public_case_audit/04_SEQUENCE_AND_REGION_EXTRACTION.md	development documentation and QA screenshots; not required to run frozen software
docs/architecture_v2/v1_multitu_2tu_public_case_audit/05_TU_AND_JUNCTION_ANALYSIS.md	development documentation and QA screenshots; not required to run frozen software
docs/architecture_v2/v1_multitu_2tu_public_case_audit/06_PRODUCT_CONTRACT_FIT.md	development documentation and QA screenshots; not required to run frozen software
docs/architecture_v2/v1_multitu_2tu_public_case_audit/07_REDISTRIBUTION.md	development documentation and QA screenshots; not required to run frozen software
docs/architecture_v2/v1_multitu_2tu_public_case_audit/08_FINAL_SELECTION.md	development documentation and QA screenshots; not required to run frozen software
docs/architecture_v2/v1_multitu_2tu_public_case_audit/09_NEXT_TASK_CONTRACT.md	development documentation and QA screenshots; not required to run frozen software
docs/architecture_v2/v1_multitu_2tu_public_case_audit/README.md	development documentation and QA screenshots; not required to run frozen software
docs/architecture_v2/v1_multitu_formal_closure/00_SCOPE.md	development documentation and QA screenshots; not required to run frozen software
docs/architecture_v2/v1_multitu_formal_closure/01_PRE_FIX_RUNTIME_MAP.md	development documentation and QA screenshots; not required to run frozen software
docs/architecture_v2/v1_multitu_formal_closure/02_MULTI_TU_RESULT_CONTRACT.md	development documentation and QA screenshots; not required to run frozen software
docs/architecture_v2/v1_multitu_formal_closure/03_SAVE_REOPEN_CONTRACT.md	development documentation and QA screenshots; not required to run frozen software
docs/architecture_v2/v1_multitu_formal_closure/04_EXPORT_CONTRACT.md	development documentation and QA screenshots; not required to run frozen software
docs/architecture_v2/v1_multitu_formal_closure/05_PROFESSIONAL_REVIEW_BOUNDARY.md	development documentation and QA screenshots; not required to run frozen software
docs/architecture_v2/v1_multitu_formal_closure/06_ACCEPTANCE_CONTRACT.md	development documentation and QA screenshots; not required to run frozen software
docs/architecture_v2/v1_multitu_formal_closure/README.md	development documentation and QA screenshots; not required to run frozen software
docs/architecture_v2/v1_post_component_gap_audit/00_SCOPE.md	development documentation and QA screenshots; not required to run frozen software
docs/architecture_v2/v1_post_component_gap_audit/01_FORMAL_ROUTE_MAP.md	development documentation and QA screenshots; not required to run frozen software
docs/architecture_v2/v1_post_component_gap_audit/02_WORKFLOW_CAPABILITY_MATRIX.md	development documentation and QA screenshots; not required to run frozen software
docs/architecture_v2/v1_post_component_gap_audit/03_USER_VISIBLE_GAPS.md	development documentation and QA screenshots; not required to run frozen software
docs/architecture_v2/v1_post_component_gap_audit/04_LEGACY_USAGE_CLASSIFICATION.md	development documentation and QA screenshots; not required to run frozen software
docs/architecture_v2/v1_post_component_gap_audit/05_V1_FREEZE_READINESS.md	development documentation and QA screenshots; not required to run frozen software
docs/architecture_v2/v1_post_component_gap_audit/06_NEXT_TASK_CONTRACT.md	development documentation and QA screenshots; not required to run frozen software
docs/architecture_v2/v1_post_component_gap_audit/README.md	development documentation and QA screenshots; not required to run frozen software
docs/architecture_v2/v1_real_case_candidate_audit/00_SCOPE.md	development documentation and QA screenshots; not required to run frozen software
docs/architecture_v2/v1_real_case_candidate_audit/01_EVIDENCE_STANDARD.md	development documentation and QA screenshots; not required to run frozen software
docs/architecture_v2/v1_real_case_candidate_audit/02_SINGLE_GENE_CANDIDATES.md	development documentation and QA screenshots; not required to run frozen software
docs/architecture_v2/v1_real_case_candidate_audit/03_MULTI_TU_CANDIDATES.md	development documentation and QA screenshots; not required to run frozen software
docs/architecture_v2/v1_real_case_candidate_audit/04_GATE3_PATHWAY_CANDIDATES.md	development documentation and QA screenshots; not required to run frozen software
docs/architecture_v2/v1_real_case_candidate_audit/05_REPOSITORY_MATCH_METHOD.md	development documentation and QA screenshots; not required to run frozen software
docs/architecture_v2/v1_real_case_candidate_audit/06_REDISTRIBUTION_POLICY.md	development documentation and QA screenshots; not required to run frozen software
docs/architecture_v2/v1_real_case_candidate_audit/07_CANDIDATE_SELECTION.md	development documentation and QA screenshots; not required to run frozen software
docs/architecture_v2/v1_real_case_candidate_audit/08_NEXT_CASE_CONTRACT.md	development documentation and QA screenshots; not required to run frozen software
docs/architecture_v2/v1_real_case_candidate_audit/README.md	development documentation and QA screenshots; not required to run frozen software
docs/architecture_v2/vector_asset_contract_v1/00_SCOPE.md	development documentation and QA screenshots; not required to run frozen software
docs/architecture_v2/vector_asset_contract_v1/01_ASSET_KIND_MODEL.md	development documentation and QA screenshots; not required to run frozen software
docs/architecture_v2/vector_asset_contract_v1/02_IDENTITY_MATCHING.md	development documentation and QA screenshots; not required to run frozen software
docs/architecture_v2/vector_asset_contract_v1/03_WORKFLOW_ADMISSION_MATRIX.md	development documentation and QA screenshots; not required to run frozen software
docs/architecture_v2/vector_asset_contract_v1/04_UPLOAD_SAFETY_POLICY.md	development documentation and QA screenshots; not required to run frozen software
docs/architecture_v2/vector_asset_contract_v1/05_LEGACY_PROJECT_POLICY.md	development documentation and QA screenshots; not required to run frozen software
docs/architecture_v2/vector_asset_contract_v1/06_UI_PRESENTATION.md	development documentation and QA screenshots; not required to run frozen software
docs/architecture_v2/vector_asset_contract_v1/07_ACCEPTANCE_CONTRACT.md	development documentation and QA screenshots; not required to run frozen software
docs/architecture_v2/vector_asset_contract_v1/README.md	development documentation and QA screenshots; not required to run frozen software
docs/architecture_v2/vector_backbone_pbi121_af485783_audit/00_SCOPE.md	development documentation and QA screenshots; not required to run frozen software
docs/architecture_v2/vector_backbone_pbi121_af485783_audit/01_LOCAL_AND_OFFICIAL_IDENTITY.md	development documentation and QA screenshots; not required to run frozen software
docs/architecture_v2/vector_backbone_pbi121_af485783_audit/02_FEATURE_MAP.md	development documentation and QA screenshots; not required to run frozen software
docs/architecture_v2/vector_backbone_pbi121_af485783_audit/03_TDNA_STRUCTURE.md	development documentation and QA screenshots; not required to run frozen software
docs/architecture_v2/vector_backbone_pbi121_af485783_audit/04_REPLACEABLE_REGION_DECISION.md	development documentation and QA screenshots; not required to run frozen software
docs/architecture_v2/vector_backbone_pbi121_af485783_audit/05_WORKFLOW_COMPATIBILITY.md	development documentation and QA screenshots; not required to run frozen software
docs/architecture_v2/vector_backbone_pbi121_af485783_audit/06_SOURCE_PROVENANCE.md	development documentation and QA screenshots; not required to run frozen software
docs/architecture_v2/vector_backbone_pbi121_af485783_audit/07_REGISTRY_ENTRY_CONTRACT.md	development documentation and QA screenshots; not required to run frozen software
docs/architecture_v2/vector_backbone_pbi121_af485783_audit/README.md	development documentation and QA screenshots; not required to run frozen software
docs/architecture_v2/vector_backbone_pbi121_audit/00_SCOPE.md	development documentation and QA screenshots; not required to run frozen software
docs/architecture_v2/vector_backbone_pbi121_audit/01_LOCAL_AND_NCBI_IDENTITY.md	development documentation and QA screenshots; not required to run frozen software
docs/architecture_v2/vector_backbone_pbi121_audit/02_FEATURE_MAP.md	development documentation and QA screenshots; not required to run frozen software
docs/architecture_v2/vector_backbone_pbi121_audit/03_SOURCE_PROVENANCE.md	development documentation and QA screenshots; not required to run frozen software
docs/architecture_v2/vector_backbone_pbi121_audit/04_TDNA_AND_CASSETTE_BOUNDARY.md	development documentation and QA screenshots; not required to run frozen software
docs/architecture_v2/vector_backbone_pbi121_audit/05_WORKFLOW_COMPATIBILITY.md	development documentation and QA screenshots; not required to run frozen software
docs/architecture_v2/vector_backbone_pbi121_audit/06_REGISTRY_ENTRY_CONTRACT.md	development documentation and QA screenshots; not required to run frozen software
docs/architecture_v2/vector_backbone_pbi121_audit/README.md	development documentation and QA screenshots; not required to run frozen software
docs/architecture_v2/vector_backbone_pbin19_audit/00_SCOPE.md	development documentation and QA screenshots; not required to run frozen software
docs/architecture_v2/vector_backbone_pbin19_audit/01_LOCAL_AND_OFFICIAL_IDENTITY.md	development documentation and QA screenshots; not required to run frozen software
docs/architecture_v2/vector_backbone_pbin19_audit/02_FEATURE_MAP.md	development documentation and QA screenshots; not required to run frozen software
docs/architecture_v2/vector_backbone_pbin19_audit/03_TDNA_BOUNDARY_DECISION.md	development documentation and QA screenshots; not required to run frozen software
docs/architecture_v2/vector_backbone_pbin19_audit/04_SELECTION_AND_INSERT_REGION.md	development documentation and QA screenshots; not required to run frozen software
docs/architecture_v2/vector_backbone_pbin19_audit/05_WORKFLOW_COMPATIBILITY.md	development documentation and QA screenshots; not required to run frozen software
docs/architecture_v2/vector_backbone_pbin19_audit/06_REGISTRY_ENTRY_CONTRACT.md	development documentation and QA screenshots; not required to run frozen software
docs/architecture_v2/vector_backbone_pbin19_audit/README.md	development documentation and QA screenshots; not required to run frozen software
docs/architecture_v2/vector_backbone_r229_audit/00_SCOPE.md	development documentation and QA screenshots; not required to run frozen software
docs/architecture_v2/vector_backbone_r229_audit/01_GENBANK_IDENTITY.md	development documentation and QA screenshots; not required to run frozen software
docs/architecture_v2/vector_backbone_r229_audit/02_FEATURE_MAP.md	development documentation and QA screenshots; not required to run frozen software
docs/architecture_v2/vector_backbone_r229_audit/03_SOURCE_PROVENANCE.md	development documentation and QA screenshots; not required to run frozen software
docs/architecture_v2/vector_backbone_r229_audit/04_BACKBONE_BOUNDARY_DECISION.md	development documentation and QA screenshots; not required to run frozen software
docs/architecture_v2/vector_backbone_r229_audit/05_WORKFLOW_COMPATIBILITY.md	development documentation and QA screenshots; not required to run frozen software
docs/architecture_v2/vector_backbone_r229_audit/06_REGISTRY_ENTRY_CONTRACT.md	development documentation and QA screenshots; not required to run frozen software
docs/architecture_v2/vector_backbone_r229_audit/README.md	development documentation and QA screenshots; not required to run frozen software
docs/architecture_v2/vector_contract_db_baseline_closure/00_SCOPE.md	development documentation and QA screenshots; not required to run frozen software
docs/architecture_v2/vector_contract_db_baseline_closure/01_FAILURE_ROOT_CAUSE.md	development documentation and QA screenshots; not required to run frozen software
docs/architecture_v2/vector_contract_db_baseline_closure/02_DATABASE_SOURCE_CONTRACT.md	development documentation and QA screenshots; not required to run frozen software
docs/architecture_v2/vector_contract_db_baseline_closure/03_TEST_ISOLATION_DECISION.md	development documentation and QA screenshots; not required to run frozen software
docs/architecture_v2/vector_contract_db_baseline_closure/04_RELEASE_GATE.md	development documentation and QA screenshots; not required to run frozen software
docs/architecture_v2/vector_contract_db_baseline_closure/README.md	development documentation and QA screenshots; not required to run frozen software
docs/architecture_v2/windows_packaging_p0a/00_SCOPE.md	development documentation and QA screenshots; not required to run frozen software
docs/architecture_v2/windows_packaging_p0a/01_SECRET_HANDLING_POLICY.md	development documentation and QA screenshots; not required to run frozen software
docs/architecture_v2/windows_packaging_p0a/02_RUNTIME_AND_LOG_PATH_CONTRACT.md	development documentation and QA screenshots; not required to run frozen software
docs/architecture_v2/windows_packaging_p0a/03_DATABASE_TABLE_COUNT_EVIDENCE.md	development documentation and QA screenshots; not required to run frozen software
docs/architecture_v2/windows_packaging_p0a/04_P0B_ENTRY_CONTRACT.md	development documentation and QA screenshots; not required to run frozen software
docs/architecture_v2/windows_packaging_p0a/README.md	development documentation and QA screenshots; not required to run frozen software
docs/architecture_v2/windows_packaging_p0b1/00_SCOPE.md	development documentation and QA screenshots; not required to run frozen software
docs/architecture_v2/windows_packaging_p0b1/01_FORMAL_RUNTIME_DEPENDENCIES.md	development documentation and QA screenshots; not required to run frozen software
docs/architecture_v2/windows_packaging_p0b1/02_PYDNA_DECISION.md	development documentation and QA screenshots; not required to run frozen software
docs/architecture_v2/windows_packaging_p0b1/03_PRIMER3_DECISION.md	development documentation and QA screenshots; not required to run frozen software
docs/architecture_v2/windows_packaging_p0b1/04_RUNTIME_LOCK_CONTRACT.md	development documentation and QA screenshots; not required to run frozen software
docs/architecture_v2/windows_packaging_p0b1/05_RESOURCE_WHITELIST_CONTRACT.md	development documentation and QA screenshots; not required to run frozen software
docs/architecture_v2/windows_packaging_p0b1/06_LICENSE_PREAUDIT.md	development documentation and QA screenshots; not required to run frozen software
docs/architecture_v2/windows_packaging_p0b1/07_P0B2_IMPLEMENTATION_CONTRACT.md	development documentation and QA screenshots; not required to run frozen software
docs/architecture_v2/windows_packaging_p0b1/README.md	development documentation and QA screenshots; not required to run frozen software
docs/architecture_v2/windows_packaging_p0b2a/00_SCOPE.md	development documentation and QA screenshots; not required to run frozen software
docs/architecture_v2/windows_packaging_p0b2a/01_RUNTIME_LOCK_EVIDENCE.md	development documentation and QA screenshots; not required to run frozen software
docs/architecture_v2/windows_packaging_p0b2a/02_RESOURCE_MANIFEST.md	development documentation and QA screenshots; not required to run frozen software
docs/architecture_v2/windows_packaging_p0b2a/03_HIDDEN_IMPORT_AND_PACKAGE_DATA.md	development documentation and QA screenshots; not required to run frozen software
docs/architecture_v2/windows_packaging_p0b2a/04_LICENSE_AND_NOTICES_STATUS.md	development documentation and QA screenshots; not required to run frozen software
docs/architecture_v2/windows_packaging_p0b2a/05_P0B2B_ENTRY_CONTRACT.md	development documentation and QA screenshots; not required to run frozen software
docs/architecture_v2/windows_packaging_p0b2a/README.md	development documentation and QA screenshots; not required to run frozen software
docs/architecture_v2/windows_packaging_p0b2b/00_SCOPE.md	development documentation and QA screenshots; not required to run frozen software
docs/architecture_v2/windows_packaging_p0b2b/01_ISOLATED_INSTALL_METHOD.md	development documentation and QA screenshots; not required to run frozen software
docs/architecture_v2/windows_packaging_p0b2b/02_WHEELHOUSE_AND_LOCK_REPLAY.md	development documentation and QA screenshots; not required to run frozen software
docs/architecture_v2/windows_packaging_p0b2b/03_RUNTIME_STAGING.md	development documentation and QA screenshots; not required to run frozen software
docs/architecture_v2/windows_packaging_p0b2b/04_OFFLINE_STARTUP.md	development documentation and QA screenshots; not required to run frozen software
docs/architecture_v2/windows_packaging_p0b2b/05_WRITE_PATH_ISOLATION.md	development documentation and QA screenshots; not required to run frozen software
docs/architecture_v2/windows_packaging_p0b2b/06_ACCEPTANCE_CONTRACT.md	development documentation and QA screenshots; not required to run frozen software
docs/architecture_v2/windows_packaging_p0b2b/07_P0B2C_ENTRY_DECISION.md	development documentation and QA screenshots; not required to run frozen software
docs/architecture_v2/windows_packaging_p0b2b/README.md	development documentation and QA screenshots; not required to run frozen software
docs/architecture_v2/windows_packaging_p0b2b0/00_SCOPE.md	development documentation and QA screenshots; not required to run frozen software
docs/architecture_v2/windows_packaging_p0b2b0/01_RUNTIME_CLOSURE_DIFF.md	development documentation and QA screenshots; not required to run frozen software
docs/architecture_v2/windows_packaging_p0b2b0/02_RESOURCE_MANIFEST_DECISION.md	development documentation and QA screenshots; not required to run frozen software
docs/architecture_v2/windows_packaging_p0b2b0/03_VECTOR_AND_REGISTRY_RESOURCES.md	development documentation and QA screenshots; not required to run frozen software
docs/architecture_v2/windows_packaging_p0b2b0/04_LICENSE_AND_ATTRIBUTION.md	development documentation and QA screenshots; not required to run frozen software
docs/architecture_v2/windows_packaging_p0b2b0/05_P0B2B_ENTRY_CONTRACT.md	development documentation and QA screenshots; not required to run frozen software
docs/architecture_v2/windows_packaging_p0b2b0/README.md	development documentation and QA screenshots; not required to run frozen software
docs/architecture_v2/windows_packaging_preaudit/00_SCOPE.md	development documentation and QA screenshots; not required to run frozen software
docs/architecture_v2/windows_packaging_preaudit/01_FORMAL_STARTUP_CHAIN.md	development documentation and QA screenshots; not required to run frozen software
docs/architecture_v2/windows_packaging_preaudit/02_RUNTIME_DEPENDENCIES.md	development documentation and QA screenshots; not required to run frozen software
docs/architecture_v2/windows_packaging_preaudit/03_RESOURCE_AND_PATH_MODEL.md	development documentation and QA screenshots; not required to run frozen software
docs/architecture_v2/windows_packaging_preaudit/04_USER_DATA_AND_DATABASE_BOUNDARY.md	development documentation and QA screenshots; not required to run frozen software
docs/architecture_v2/windows_packaging_preaudit/05_DISTRIBUTION_OPTION_COMPARISON.md	development documentation and QA screenshots; not required to run frozen software
docs/architecture_v2/windows_packaging_preaudit/06_RECOMMENDED_PACKAGING_ARCHITECTURE.md	development documentation and QA screenshots; not required to run frozen software
docs/architecture_v2/windows_packaging_preaudit/07_PORT_AND_PROCESS_POLICY.md	development documentation and QA screenshots; not required to run frozen software
docs/architecture_v2/windows_packaging_preaudit/08_INSTALL_UPGRADE_UNINSTALL_POLICY.md	development documentation and QA screenshots; not required to run frozen software
docs/architecture_v2/windows_packaging_preaudit/09_CLEAN_WINDOWS_UAT_CONTRACT.md	development documentation and QA screenshots; not required to run frozen software
docs/architecture_v2/windows_packaging_preaudit/10_PACKAGING_IMPLEMENTATION_CONTRACT.md	development documentation and QA screenshots; not required to run frozen software
docs/architecture_v2/windows_packaging_preaudit/README.md	development documentation and QA screenshots; not required to run frozen software
docs/archive/README.md	development documentation and QA screenshots; not required to run frozen software
docs/archive/demo-history/V2_6_R93_MONDAY_DEMO_EVIDENCE_MAP.md	development documentation and QA screenshots; not required to run frozen software
docs/archive/demo-notes/v0.1_clean_ready_demo_research_note.md	development documentation and QA screenshots; not required to run frozen software
docs/archive/demo-notes/v0.1_demo_script.md	development documentation and QA screenshots; not required to run frozen software
docs/archive/demo-notes/v0.1_screenshot_checklist.md	development documentation and QA screenshots; not required to run frozen software
docs/archive/feature_completeness_audit_v1_12_0.md	development documentation and QA screenshots; not required to run frozen software
docs/archive/historical-root/ARCHITECTURE_WHITEPAPER.md	development documentation and QA screenshots; not required to run frozen software
docs/archive/historical-root/CHECKPOINT_V1.2.md	development documentation and QA screenshots; not required to run frozen software
docs/archive/historical-root/RELEASE_NOTES_v1.0.md	development documentation and QA screenshots; not required to run frozen software
docs/archive/historical-root/V0.1_ACCEPTANCE_REPORT.md	development documentation and QA screenshots; not required to run frozen software
docs/archive/historical-root/main_workflow_manual_ui_smoke_checklist_v1_15_1.md	development documentation and QA screenshots; not required to run frozen software
docs/archive/phase_5c_maintenance_baseline.md	development documentation and QA screenshots; not required to run frozen software
docs/archive/post-freeze-cleanup/v0.1_post_freeze_tool_cleanup_qa_record.md	development documentation and QA screenshots; not required to run frozen software
docs/archive/post-freeze-cleanup/v0.1_post_freeze_tool_cleanup_summary.md	development documentation and QA screenshots; not required to run frozen software
docs/archive/post-freeze-cleanup/v0.1_step4_assembly_plan_enhancement.md	development documentation and QA screenshots; not required to run frozen software
docs/archive/release-planning-v0.2-v1.0/v0.2_demo_package_index.md	development documentation and QA screenshots; not required to run frozen software
docs/archive/release-planning-v0.2-v1.0/v0.2_roadmap.md	development documentation and QA screenshots; not required to run frozen software
docs/archive/release-planning-v0.2-v1.0/v0.2a_primer3_environment_experiment.md	development documentation and QA screenshots; not required to run frozen software
docs/archive/release-planning-v0.2-v1.0/v0.2c_dashboard_project_roadmap.md	development documentation and QA screenshots; not required to run frozen software
docs/archive/release-planning-v0.2-v1.0/v0.2d_design_library_roadmap.md	development documentation and QA screenshots; not required to run frozen software
docs/archive/release-planning-v0.2-v1.0/v0.2e_parts_registry_data_curation_plan.md	development documentation and QA screenshots; not required to run frozen software
docs/archive/release-planning-v0.2-v1.0/v0.2f_tool_deeper_backlog.md	development documentation and QA screenshots; not required to run frozen software
docs/archive/release-planning-v0.2-v1.0/v0.3_status_vocabulary_dashboard_planning.md	development documentation and QA screenshots; not required to run frozen software
docs/archive/release-planning-v0.2-v1.0/v0.3a_dashboard_design_library_status_copy_qa.md	development documentation and QA screenshots; not required to run frozen software
docs/archive/release-planning-v0.2-v1.0/v0.3b_status_derivation_service_plan.md	development documentation and QA screenshots; not required to run frozen software
docs/archive/release-planning-v0.2-v1.0/v0.3c_status_helper_prototype_qa.md	development documentation and QA screenshots; not required to run frozen software
docs/archive/release-planning-v0.2-v1.0/v0.3d_dashboard_helper_adoption_decision.md	development documentation and QA screenshots; not required to run frozen software
docs/archive/release-planning-v0.2-v1.0/v0.4_project_revision_artifact_schema_plan.md	development documentation and QA screenshots; not required to run frozen software
docs/archive/release-planning-v0.2-v1.0/v0.4a_existing_data_model_inventory.md	development documentation and QA screenshots; not required to run frozen software
docs/archive/release-planning-v0.2-v1.0/v0.4b_migration_risk_compatibility_plan.md	development documentation and QA screenshots; not required to run frozen software
docs/archive/release-planning-v0.2-v1.0/v0.4c_legacy_snapshot_adapter_design.md	development documentation and QA screenshots; not required to run frozen software
docs/archive/release-planning-v0.2-v1.0/v0.5_legacy_snapshot_adapter_prototype_qa.md	development documentation and QA screenshots; not required to run frozen software
docs/archive/release-planning-v0.2-v1.0/v0.5b_design_library_legacy_snapshot_preview_qa.md	development documentation and QA screenshots; not required to run frozen software
docs/archive/release-planning-v0.2-v1.0/v0.5b_legacy_snapshot_preview_closeout.md	development documentation and QA screenshots; not required to run frozen software
docs/archive/release-planning-v0.2-v1.0/v0.5c_legacy_snapshot_inventory_report_plan.md	development documentation and QA screenshots; not required to run frozen software
docs/archive/release-planning-v0.2-v1.0/v0.5d_legacy_snapshot_inventory_closeout.md	development documentation and QA screenshots; not required to run frozen software
docs/archive/release-planning-v0.2-v1.0/v0.5d_legacy_snapshot_inventory_report_qa.md	development documentation and QA screenshots; not required to run frozen software
docs/archive/release-planning-v0.2-v1.0/v0.6_additive_schema_proposal.md	development documentation and QA screenshots; not required to run frozen software
docs/archive/release-planning-v0.2-v1.0/v0.6a_schema_proposal_code_review.md	development documentation and QA screenshots; not required to run frozen software
docs/archive/release-planning-v0.2-v1.0/v0.6b_additive_schema_refinement.md	development documentation and QA screenshots; not required to run frozen software
docs/archive/release-planning-v0.2-v1.0/v0.6c_schema_naming_compatibility_review.md	development documentation and QA screenshots; not required to run frozen software
docs/archive/release-planning-v0.2-v1.0/v0.7_migration_dry_run_plan.md	development documentation and QA screenshots; not required to run frozen software
docs/archive/release-planning-v0.2-v1.0/v0.8_migration_report_tool_qa.md	development documentation and QA screenshots; not required to run frozen software
docs/archive/release-planning-v0.2-v1.0/v0.8a_migration_report_contract_closeout.md	development documentation and QA screenshots; not required to run frozen software
docs/archive/release-planning-v0.2-v1.0/v0.9_additive_schema_implementation_plan.md	development documentation and QA screenshots; not required to run frozen software
docs/archive/release-planning-v0.2-v1.0/v0.9a_migration_approval_checklist.md	development documentation and QA screenshots; not required to run frozen software
docs/archive/release-planning-v0.2-v1.0/v0.9b_migration_draft_design.md	development documentation and QA screenshots; not required to run frozen software
docs/archive/release-planning-v0.2-v1.0/v0.9c_migration_draft_review_checklist.md	development documentation and QA screenshots; not required to run frozen software
docs/archive/release-planning-v0.2-v1.0/v0.9d_pre_1_0_migration_readiness_review.md	development documentation and QA screenshots; not required to run frozen software
docs/archive/release-planning-v0.2-v1.0/v0.9e_real_data_read_only_migration_report_run_plan.md	development documentation and QA screenshots; not required to run frozen software
docs/archive/release-planning-v0.2-v1.0/v0.9f_real_data_read_only_migration_report.md	development documentation and QA screenshots; not required to run frozen software
docs/archive/release-planning-v0.2-v1.0/v0.9g_saved_design_persistence_path_confirmation.md	development documentation and QA screenshots; not required to run frozen software
docs/archive/release-planning-v0.2-v1.0/v1.0_stable_integrated_product_plan.md	development documentation and QA screenshots; not required to run frozen software
docs/archive/release-planning-v0.2-v1.0/v1.0b_ui_copy_polish_plan.md	development documentation and QA screenshots; not required to run frozen software
docs/archive/release_notes_v1_10_0.md	development documentation and QA screenshots; not required to run frozen software
docs/archive/releases/v0.1_closeout_summary.md	development documentation and QA screenshots; not required to run frozen software
docs/archive/releases/v0.1_deferred_backlog.md	development documentation and QA screenshots; not required to run frozen software
docs/archive/releases/v0.1_expression_wizard_mvp_mainline_freeze_note.md	development documentation and QA screenshots; not required to run frozen software
docs/archive/releases/v0.1_final_sanity_run_record.md	development documentation and QA screenshots; not required to run frozen software
docs/archive/releases/v0.1_handoff_checklist.md	development documentation and QA screenshots; not required to run frozen software
docs/archive/releases/v0.1_mvp_release_checkpoint.md	development documentation and QA screenshots; not required to run frozen software
docs/archive/releases/v0.1_release_notes.md	development documentation and QA screenshots; not required to run frozen software
docs/archive/roadmap/README.md	development documentation and QA screenshots; not required to run frozen software
docs/archive/roadmap/V1_1_DEMO_POLISH_ROADMAP.md	development documentation and QA screenshots; not required to run frozen software
docs/archive/roadmap/V2_2_BIOLOGICAL_PARTS_CATALOG_SPEC.md	development documentation and QA screenshots; not required to run frozen software
docs/archive/roadmap/V2_2_DOCUMENTATION_CONSISTENCY_PROVENANCE_BACKLOG.md	development documentation and QA screenshots; not required to run frozen software
docs/archive/roadmap/V2_3_PARTS_REGISTRY_CLOSEOUT_CHECKPOINT.md	development documentation and QA screenshots; not required to run frozen software
docs/archive/roadmap/V2_3_PARTS_REGISTRY_LINKAGE_READINESS_SPEC.md	development documentation and QA screenshots; not required to run frozen software
docs/archive/roadmap/V2_4_LOCAL_PARTS_CATALOG_MVP_CLOSEOUT.md	development documentation and QA screenshots; not required to run frozen software
docs/archive/roadmap/V2_4_PARTS_REGISTRY_MANUAL_ENTRY_ADMIN_SPEC.md	development documentation and QA screenshots; not required to run frozen software
docs/archive/roadmap/V2_4_PARTS_REGISTRY_WRITE_SERVICE_READINESS_GATE.md	development documentation and QA screenshots; not required to run frozen software
docs/biodesign_studio_glossary.md	development documentation and QA screenshots; not required to run frozen software
docs/data/plant_promoter_49_entry_manifest_batch_1_review.json	development documentation and QA screenshots; not required to run frozen software
docs/data/plant_promoter_49_entry_manifest_template.json	development documentation and QA screenshots; not required to run frozen software
docs/data/plant_promoter_external_source_candidate_snapshot_template.json	development documentation and QA screenshots; not required to run frozen software
docs/data/plant_promoter_ncbi_candidate_lookup_spike.json	development documentation and QA screenshots; not required to run frozen software
docs/demo/README.md	development documentation and QA screenshots; not required to run frozen software
docs/demo/V1_CORE_DEMO_SCRIPT.md	development documentation and QA screenshots; not required to run frozen software
docs/demo/V2_4_DEMO_SCRIPT.md	development documentation and QA screenshots; not required to run frozen software
docs/demo/V2_6_R104_CANDIDATE_EVIDENCE_REVIEW_SNAPSHOT_DEMO_GUIDE.md	development documentation and QA screenshots; not required to run frozen software
docs/demo/V2_6_R32_MENTOR_DEMO_GUIDE.md	development documentation and QA screenshots; not required to run frozen software
docs/demo/V2_6_R57_MONDAY_DEMO_COPY_SAFETY_GUIDE.md	development documentation and QA screenshots; not required to run frozen software
docs/demo/V2_6_R59_MONDAY_NICOTIANA_DEMO_REHEARSAL_SCRIPT.md	development documentation and QA screenshots; not required to run frozen software
docs/demo/V2_6_R60_MONDAY_DEMO_SCREENSHOT_AND_PRESENTER_CARD.md	development documentation and QA screenshots; not required to run frozen software
docs/demo/V2_6_R61_MONDAY_DEMO_PREFLIGHT_AUDIT.md	development documentation and QA screenshots; not required to run frozen software
docs/demo/V2_6_R62_MONDAY_DEMO_ONE_PAGE_PRESENTER_CARD.md	development documentation and QA screenshots; not required to run frozen software
docs/demo/V2_6_R64_MONDAY_PRESENTER_PREFLIGHT_SMOKE.md	development documentation and QA screenshots; not required to run frozen software
docs/demo/V2_6_R7_SELF_DEMO_GUIDE.md	development documentation and QA screenshots; not required to run frozen software
docs/demo_walkthrough_zh.md	development documentation and QA screenshots; not required to run frozen software
docs/dev/CODEBASE_CLEANUP_INVENTORY.md	development documentation and QA screenshots; not required to run frozen software
docs/dev/CODEX_AUTONOMOUS_WORKFLOW.md	development documentation and QA screenshots; not required to run frozen software
docs/dev/CODEX_WORKING_GUIDE.md	development documentation and QA screenshots; not required to run frozen software
docs/dev/PROJECT_STRUCTURE.md	development documentation and QA screenshots; not required to run frozen software
docs/dev/V2_6_R99_WINDOWS_FULL_REGRESSION_BASETEMP_GUIDE.md	development documentation and QA screenshots; not required to run frozen software
docs/import_execution_duplicate_stale_package_safety_tests_v1_13_3.md	development documentation and QA screenshots; not required to run frozen software
docs/import_execution_final_confirmation_gate.md	development documentation and QA screenshots; not required to run frozen software
docs/import_execution_readiness_architecture_audit_v1_13_0.md	development documentation and QA screenshots; not required to run frozen software
docs/import_execution_readiness_checklist.md	development documentation and QA screenshots; not required to run frozen software
docs/import_execution_result_contract.md	development documentation and QA screenshots; not required to run frozen software
docs/import_execution_rollback_audit_log_contract_v1_13_2.md	development documentation and QA screenshots; not required to run frozen software
docs/import_execution_transaction_design_v1_13_1.md	development documentation and QA screenshots; not required to run frozen software
docs/import_execution_ui_gating_design.md	development documentation and QA screenshots; not required to run frozen software
docs/learning/BIO_DESIGN_STUDIO_ARCHITECTURE_NOTES.md	development documentation and QA screenshots; not required to run frozen software
docs/learning/CODEX_REVIEW_CHECKLIST.md	development documentation and QA screenshots; not required to run frozen software
docs/learning/PROMOTER_CATALOG_LEARNING_NOTES.md	development documentation and QA screenshots; not required to run frozen software
docs/learning/README.md	development documentation and QA screenshots; not required to run frozen software
docs/learning/SOFTWARE_GLOSSARY.md	development documentation and QA screenshots; not required to run frozen software
docs/learning/SYNBIO_GLOSSARY.md	development documentation and QA screenshots; not required to run frozen software
docs/learning/TESTING_AND_GIT_NOTES.md	development documentation and QA screenshots; not required to run frozen software
docs/manual_ui_smoke_checklist_v1_15_13.md	development documentation and QA screenshots; not required to run frozen software
docs/pathway_workspace_decomposition_plan_v1_15_4.md	development documentation and QA screenshots; not required to run frozen software
docs/process/CODEX_DEVELOPMENT_GUARDRAILS.md	development documentation and QA screenshots; not required to run frozen software
docs/product/BIO_DESIGN_STUDIO_PRODUCT_DIRECTION_CHARTER.md	development documentation and QA screenshots; not required to run frozen software
docs/project_import_mvp_implementation_plan.md	development documentation and QA screenshots; not required to run frozen software
docs/project_import_package_design.md	development documentation and QA screenshots; not required to run frozen software
docs/qa/2026-06-08_manual_project_lifecycle_qa.md	development documentation and QA screenshots; not required to run frozen software
docs/qa/AGENT_V1_BACKEND_R2_FORMAL_ROLLBACK_CORRECTION_20260914.md	development documentation and QA screenshots; not required to run frozen software
docs/qa/AGENT_V1_QWEN_PRODUCTION_COMPAT_R1_20260914.md	development documentation and QA screenshots; not required to run frozen software
docs/qa/AI_FINAL_REPORT_V1_CONTROLLED_ADOPTION_R1_20260811.md	development documentation and QA screenshots; not required to run frozen software
docs/qa/COMPONENT_EVIDENCE_PIPELINE_V1_R2_CORRECTION_20260828.md	development documentation and QA screenshots; not required to run frozen software
docs/qa/COMPONENT_LIBRARY_V1_PRODUCTION_ID_ASSIGNMENT_LIFECYCLE_CONTRACT_R2_INDEPENDENT_REVIEW_20260814.md	development documentation and QA screenshots; not required to run frozen software
docs/qa/COMPONENT_LIBRARY_V1_PRODUCTION_ID_ASSIGNMENT_LIFECYCLE_CONTRACT_REVIEW_20260814.md	development documentation and QA screenshots; not required to run frozen software
docs/qa/COMPONENT_LIBRARY_V1_PRODUCTION_ID_LIFECYCLE_R2_FORMAL_ADOPTION_20260814.md	development documentation and QA screenshots; not required to run frozen software
docs/qa/COMPONENT_LIBRARY_V1_SIX_REVIEWED_EXTERNAL_GOVERNANCE_CLOSURE_20260814.md	development documentation and QA screenshots; not required to run frozen software
docs/qa/COMPONENT_LIBRARY_V1_SIX_REVIEWED_EXTERNAL_GOVERNANCE_FORMAL_ADOPTION_20260814.md	development documentation and QA screenshots; not required to run frozen software
docs/qa/COMPONENT_LIBRARY_V1_SIX_REVIEWED_EXTERNAL_GOVERNANCE_INDEPENDENT_REVIEW_20260814.md	development documentation and QA screenshots; not required to run frozen software
docs/qa/CRISPR_V1_AGGREGATE_WORKFLOW_CONTRACT_R6_20260812.md	development documentation and QA screenshots; not required to run frozen software
docs/qa/CRISPR_V1_IMPL02_R1_CASOFFINDER241.md	development documentation and QA screenshots; not required to run frozen software
docs/qa/CRISPR_V1_TAIR10_REFERENCE_PROVENANCE_CLOSURE_20260811.md	development documentation and QA screenshots; not required to run frozen software
docs/qa/EXISTING_REGISTRY_RICE_STEP3_ADMISSION_FEASIBILITY_SCREEN_20260829.md	development documentation and QA screenshots; not required to run frozen software
docs/qa/FINAL_REPORT_CANONICAL_ADAPTER_R2_20260812.md	development documentation and QA screenshots; not required to run frozen software
docs/qa/FINAL_REPORT_FORMAL_DELIVERY_V1_CURRENT_FORMAL_RECONCILIATION_20260815.md	development documentation and QA screenshots; not required to run frozen software
docs/qa/FINAL_REPORT_FORMAL_STEP6_DELIVERY_V1_20260813.md	development documentation and QA screenshots; not required to run frozen software
docs/qa/HA01_SINGLE_GENE_SAVE_R1_20260903.md	development documentation and QA screenshots; not required to run frozen software
docs/qa/I18N_01_EVIDENCE_20260921/SUMMARY.md	development documentation and QA screenshots; not required to run frozen software
docs/qa/I18N_01_EVIDENCE_20260921/browser_acceptance.json	development documentation and QA screenshots; not required to run frozen software
docs/qa/I18N_01_EVIDENCE_20260921/browser_acceptance.py	development documentation and QA screenshots; not required to run frozen software
docs/qa/I18N_01_EVIDENCE_20260921/desktop-agent-disclosure-en.png	development documentation and QA screenshots; not required to run frozen software
docs/qa/I18N_01_EVIDENCE_20260921/desktop-agent-en.png	development documentation and QA screenshots; not required to run frozen software
docs/qa/I18N_01_EVIDENCE_20260921/desktop-agent-zh-cn.png	development documentation and QA screenshots; not required to run frozen software
docs/qa/I18N_01_EVIDENCE_20260921/desktop-crispr-en.png	development documentation and QA screenshots; not required to run frozen software
docs/qa/I18N_01_EVIDENCE_20260921/desktop-crispr-zh-cn.png	development documentation and QA screenshots; not required to run frozen software
docs/qa/I18N_01_EVIDENCE_20260921/desktop-formal-findings-en.png	development documentation and QA screenshots; not required to run frozen software
docs/qa/I18N_01_EVIDENCE_20260921/desktop-formal-findings-zh-cn.png	development documentation and QA screenshots; not required to run frozen software
docs/qa/I18N_01_EVIDENCE_20260921/desktop-project-center-en.png	development documentation and QA screenshots; not required to run frozen software
docs/qa/I18N_01_EVIDENCE_20260921/desktop-project-center-real-data-en.png	development documentation and QA screenshots; not required to run frozen software
docs/qa/I18N_01_EVIDENCE_20260921/desktop-project-center-real-data-zh-cn.png	development documentation and QA screenshots; not required to run frozen software
docs/qa/I18N_01_EVIDENCE_20260921/desktop-project-center-zh-cn.png	development documentation and QA screenshots; not required to run frozen software
docs/qa/I18N_01_EVIDENCE_20260921/desktop-sequence-tools-en.png	development documentation and QA screenshots; not required to run frozen software
docs/qa/I18N_01_EVIDENCE_20260921/desktop-sequence-tools-zh-cn.png	development documentation and QA screenshots; not required to run frozen software
docs/qa/I18N_01_EVIDENCE_20260921/full-regression-shard-01.xml	development documentation and QA screenshots; not required to run frozen software
docs/qa/I18N_01_EVIDENCE_20260921/full-regression-shard-02.xml	development documentation and QA screenshots; not required to run frozen software
docs/qa/I18N_01_EVIDENCE_20260921/full-regression-shard-03.xml	development documentation and QA screenshots; not required to run frozen software
docs/qa/I18N_01_EVIDENCE_20260921/full-regression-shard-04.xml	development documentation and QA screenshots; not required to run frozen software
docs/qa/I18N_01_EVIDENCE_20260921/full-regression-shard-05.xml	development documentation and QA screenshots; not required to run frozen software
docs/qa/I18N_01_EVIDENCE_20260921/full-regression-shard-06.xml	development documentation and QA screenshots; not required to run frozen software
docs/qa/I18N_01_EVIDENCE_20260921/full-regression-shard-07.xml	development documentation and QA screenshots; not required to run frozen software
docs/qa/I18N_01_EVIDENCE_20260921/full-regression-shard-08.xml	development documentation and QA screenshots; not required to run frozen software
docs/qa/I18N_01_EVIDENCE_20260921/full-regression-shard-09.xml	development documentation and QA screenshots; not required to run frozen software
docs/qa/I18N_01_EVIDENCE_20260921/full-regression-shard-10.xml	development documentation and QA screenshots; not required to run frozen software
docs/qa/I18N_01_EVIDENCE_20260921/full-regression-shard-11.xml	development documentation and QA screenshots; not required to run frozen software
docs/qa/I18N_01_EVIDENCE_20260921/full-regression-shard-12.xml	development documentation and QA screenshots; not required to run frozen software
docs/qa/I18N_01_EVIDENCE_20260921/mobile-agent-en-390x844.png	development documentation and QA screenshots; not required to run frozen software
docs/qa/I18N_01_EVIDENCE_20260921/mobile-agent-zh-cn-390x844.png	development documentation and QA screenshots; not required to run frozen software
docs/qa/I18N_01_EVIDENCE_20260921/mobile-project-center-en-390x844.png	development documentation and QA screenshots; not required to run frozen software
docs/qa/I18N_01_EVIDENCE_20260921/mobile-sidebar-en-390x844.png	development documentation and QA screenshots; not required to run frozen software
docs/qa/I18N_01_EVIDENCE_20260921/mobile-sidebar-zh-cn-390x844.png	development documentation and QA screenshots; not required to run frozen software
docs/qa/I18N_01_R5C_SOL_REVIEW_CORRECTIONS_20260922/BROWSER_EVIDENCE.md	development documentation and QA screenshots; not required to run frozen software
docs/qa/I18N_01_R5C_SOL_REVIEW_CORRECTIONS_20260922/CANDIDATE_COMMIT_ALLOWLIST.md	development documentation and QA screenshots; not required to run frozen software
docs/qa/I18N_01_R5C_SOL_REVIEW_CORRECTIONS_20260922/FOCUSED_TEST_RESULTS.md	development documentation and QA screenshots; not required to run frozen software
docs/qa/I18N_01_R5C_SOL_REVIEW_CORRECTIONS_20260922/FULL_REGRESSION_CLASSIFICATION.md	development documentation and QA screenshots; not required to run frozen software
docs/qa/I18N_01_R5C_SOL_REVIEW_CORRECTIONS_20260922/INTERNAL_STATE_LOCALE_INVARIANCE.md	development documentation and QA screenshots; not required to run frozen software
docs/qa/I18N_01_R5C_SOL_REVIEW_CORRECTIONS_20260922/NAVIGATION_FINAL_MATRIX.md	development documentation and QA screenshots; not required to run frozen software
docs/qa/I18N_01_R5C_SOL_REVIEW_CORRECTIONS_20260922/SOL_BLOCKER_CLOSURE.md	development documentation and QA screenshots; not required to run frozen software
docs/qa/I18N_01_R5C_SOL_REVIEW_CORRECTIONS_20260922/SUMMARY.md	development documentation and QA screenshots; not required to run frozen software
docs/qa/I18N_01_R5C_SOL_REVIEW_CORRECTIONS_20260922/USER_DATA_LOCALE_PRESERVATION.md	development documentation and QA screenshots; not required to run frozen software
docs/qa/I18N_01_R5C_SOL_REVIEW_CORRECTIONS_20260922/full-regression-final/full-regression-final-filtered-r5c.xml	development documentation and QA screenshots; not required to run frozen software
docs/qa/I18N_01_R5D_LOCALE_INDEPENDENT_METADATA_20260922/DEFAULT_PROJECT_METADATA_AUDIT.md	development documentation and QA screenshots; not required to run frozen software
docs/qa/I18N_01_R5D_LOCALE_INDEPENDENT_METADATA_20260922/FOCUSED_TEST_RESULT.md	development documentation and QA screenshots; not required to run frozen software
docs/qa/I18N_01_R5D_LOCALE_INDEPENDENT_METADATA_20260922/FULL_REGRESSION_CLASSIFICATION.md	development documentation and QA screenshots; not required to run frozen software
docs/qa/I18N_01_R5D_LOCALE_INDEPENDENT_METADATA_20260922/LOCALE_INVARIANCE_TESTS.md	development documentation and QA screenshots; not required to run frozen software
docs/qa/I18N_01_R5D_LOCALE_INDEPENDENT_METADATA_20260922/STATIC_LOCALE_INTEGRITY.md	development documentation and QA screenshots; not required to run frozen software
docs/qa/I18N_01_R5D_LOCALE_INDEPENDENT_METADATA_20260922/SUMMARY.md	development documentation and QA screenshots; not required to run frozen software
docs/qa/I18N_01_R5D_LOCALE_INDEPENDENT_METADATA_20260922/full-regression-final-filtered-r5d.xml	development documentation and QA screenshots; not required to run frozen software
docs/qa/I18N_01_R5E_REACHABLE_COPY_LEAK_CLOSURE_20260923/BROWSER_RUNTIME_RESULT.md	development documentation and QA screenshots; not required to run frozen software
docs/qa/I18N_01_R5E_REACHABLE_COPY_LEAK_CLOSURE_20260923/FOCUSED_TEST_RESULT.md	development documentation and QA screenshots; not required to run frozen software
docs/qa/I18N_01_R5E_REACHABLE_COPY_LEAK_CLOSURE_20260923/REACHABLE_COPY_LEAK_AUDIT.md	development documentation and QA screenshots; not required to run frozen software
docs/qa/I18N_01_R5E_REACHABLE_COPY_LEAK_CLOSURE_20260923/REGRESSION_CLASSIFICATION.md	development documentation and QA screenshots; not required to run frozen software
docs/qa/I18N_01_R5E_REACHABLE_COPY_LEAK_CLOSURE_20260923/STATIC_LOCALE_INTEGRITY.md	development documentation and QA screenshots; not required to run frozen software
docs/qa/I18N_01_R5E_REACHABLE_COPY_LEAK_CLOSURE_20260923/SUMMARY.md	development documentation and QA screenshots; not required to run frozen software
docs/qa/I18N_01_R5E_REACHABLE_COPY_LEAK_CLOSURE_20260923/browser_acceptance.json	development documentation and QA screenshots; not required to run frozen software
docs/qa/I18N_01_R5E_REACHABLE_COPY_LEAK_CLOSURE_20260923/screenshots/desktop-formal-step-1-en.png	development documentation and QA screenshots; not required to run frozen software
docs/qa/I18N_01_R5E_REACHABLE_COPY_LEAK_CLOSURE_20260923/screenshots/desktop-formal-step-2-en.png	development documentation and QA screenshots; not required to run frozen software
docs/qa/I18N_01_R5E_REACHABLE_COPY_LEAK_CLOSURE_20260923/screenshots/desktop-formal-step-3-en.png	development documentation and QA screenshots; not required to run frozen software
docs/qa/I18N_01_R5E_REACHABLE_COPY_LEAK_CLOSURE_20260923/screenshots/desktop-formal-step-4-en.png	development documentation and QA screenshots; not required to run frozen software
docs/qa/I18N_01_R5E_REACHABLE_COPY_LEAK_CLOSURE_20260923/screenshots/desktop-formal-step-5-en.png	development documentation and QA screenshots; not required to run frozen software
docs/qa/I18N_01_R5E_REACHABLE_COPY_LEAK_CLOSURE_20260923/screenshots/desktop-formal-step-6-en.png	development documentation and QA screenshots; not required to run frozen software
docs/qa/I18N_01_R5E_REACHABLE_COPY_LEAK_CLOSURE_20260923/screenshots/desktop-project-center-en.png	development documentation and QA screenshots; not required to run frozen software
docs/qa/KB00_PINNED_SQLITE_WRITER_CONTRACT_20260818.md	development documentation and QA screenshots; not required to run frozen software
docs/qa/METABOLIC_PATHWAY_POST_GO_FORMAL_RECONCILIATION_20260813.md	development documentation and QA screenshots; not required to run frozen software
docs/qa/MVP5_EXISTING_CODE_CAPABILITY_MAP.json	development documentation and QA screenshots; not required to run frozen software
docs/qa/MVP5_EXISTING_CODE_CAPABILITY_MAP.md	development documentation and QA screenshots; not required to run frozen software
docs/qa/MVP6_FORMAL_THREE_PAGE_UI_QA.md	development documentation and QA screenshots; not required to run frozen software
docs/qa/MVP7_SINGLE_GENE_ACCURACY_VALIDATION.json	development documentation and QA screenshots; not required to run frozen software
docs/qa/MVP7_SINGLE_GENE_ACCURACY_VALIDATION.md	development documentation and QA screenshots; not required to run frozen software
docs/qa/OPTION_AND_DISPLAY_MAPPING_I18N_AUDIT_20260922/OPTION_AND_DISPLAY_MAPPING_I18N_AUDIT.md	development documentation and QA screenshots; not required to run frozen software
docs/qa/PUBLICATION_MAP_ENGINE_R4_P1_CORRECTION_20260814.md	development documentation and QA screenshots; not required to run frozen software
docs/qa/PUBLICATION_MAP_EXPORT_P1_R2_GEOMETRY_FIDELITY_CLOSURE_20260830.md	development documentation and QA screenshots; not required to run frozen software
docs/qa/PUBLICATION_MAP_SVG_PRODUCT_WIRING_V1_20260816.md	development documentation and QA screenshots; not required to run frozen software
docs/qa/REGISTRY_V1_DISTRIBUTION_ARCHITECTURE_20260811.md	development documentation and QA screenshots; not required to run frozen software
docs/qa/RIGHTS_SAFE_RICE_STEP3_CANDIDATE_SEARCH_20260829.md	development documentation and QA screenshots; not required to run frozen software
docs/qa/UBD_AGENT_V1_FINAL_PRODUCT_RECONCILIATION_R1_20260916.md	development documentation and QA screenshots; not required to run frozen software
docs/qa/UBD_FORMAL_AGENT_HOST_GATE_TARGETED_RECONCILIATION_R1_20260915.md	development documentation and QA screenshots; not required to run frozen software
docs/qa/UBD_PLANT_PROMOTER_3PRIME_AUTHORITY_CLOSURE_R1.md	development documentation and QA screenshots; not required to run frozen software
docs/qa/V1_14_CRISPR_CURRENT_FORMAL_RECONCILIATION_R1_20260814.md	development documentation and QA screenshots; not required to run frozen software
docs/qa/V1_14_CRISPR_DETERMINISTIC_MULTI_HIT_RESULT_IDENTITY_CORRECTION_20260814.md	development documentation and QA screenshots; not required to run frozen software
docs/qa/V1_14_CRISPR_SUCCESSFUL_REAL_ENGINE_CURRENT_FORMAL_RECONCILIATION_20260815.md	development documentation and QA screenshots; not required to run frozen software
docs/qa/V1_AI_CANDIDATE_ROUTE_FORMAL_WIRING_20260816.md	development documentation and QA screenshots; not required to run frozen software
docs/qa/V1_CATALOG_COUNT_TEST_ALIGNMENT_R1_20260901.md	development documentation and QA screenshots; not required to run frozen software
docs/qa/V1_COMPONENT_DIRECT_USE_IMPL01_DOMAIN_STATE_R1_20260902.md	development documentation and QA screenshots; not required to run frozen software
docs/qa/V1_COMPONENT_DIRECT_USE_IMPL02_ADMISSION_LIFECYCLE_R1_20260903.md	development documentation and QA screenshots; not required to run frozen software
docs/qa/V1_COMPONENT_LIBRARY_RELEASE_SCOPE_DECISION_R1_20260901.md	development documentation and QA screenshots; not required to run frozen software
docs/qa/V1_COMPONENT_LIBRARY_V2_PRODUCT_ADOPTION_R1_20260927.md	development documentation and QA screenshots; not required to run frozen software
docs/qa/V1_COMPONENT_LIBRARY_V2_PRODUCT_ADOPTION_R1_MAPPING_20260927.json	development documentation and QA screenshots; not required to run frozen software
docs/qa/V1_COMPONENT_LIBRARY_V2_R2_REVIEW_BLOCKER_CLOSURE_20260928.md	development documentation and QA screenshots; not required to run frozen software
docs/qa/V1_COMPONENT_LIBRARY_V2_STEP3_ROUTABILITY_20260928.json	development documentation and QA screenshots; not required to run frozen software
docs/qa/V1_COMPONENT_LIBRARY_V2_STEP3_ROUTABILITY_20260928.md	development documentation and QA screenshots; not required to run frozen software
docs/qa/V1_COORDINATED_FORMAL_CLOSURE_RECONCILIATION_R1_20260901.md	development documentation and QA screenshots; not required to run frozen software
docs/qa/V1_CRISPR_P0_PRODUCT_INCLUSION_R1_20260824.md	development documentation and QA screenshots; not required to run frozen software
docs/qa/V1_CRISPR_RELEASE_WAIVER_EVIDENCE_CLOSURE_R1_20260901.md	development documentation and QA screenshots; not required to run frozen software
docs/qa/V1_FINAL_UI_PRODUCT_CLOSURE_R1_20260928.md	development documentation and QA screenshots; not required to run frozen software
docs/qa/V1_FINAL_UI_PRODUCT_CLOSURE_R2_ACCEPTANCE_CORRECTION_20260929.md	development documentation and QA screenshots; not required to run frozen software
docs/qa/V1_FINAL_UI_PRODUCT_CLOSURE_R2_CORRECTION_20260928.md	development documentation and QA screenshots; not required to run frozen software
docs/qa/V1_FORMAL_BASELINE_RESOURCE_TREE_HASH_FRAMING_R2_20260812.md	development documentation and QA screenshots; not required to run frozen software
docs/qa/V1_FORMAL_BASELINE_TREE_HASH_PORTABILITY_R1_20260812.md	development documentation and QA screenshots; not required to run frozen software
docs/qa/V1_MT_GOLDEN_TREE_RECONCILIATION_R1_20260901.md	development documentation and QA screenshots; not required to run frozen software
docs/qa/V1_MT_STEP6_I18N_FIX_R3_20260924.md	development documentation and QA screenshots; not required to run frozen software
docs/qa/V1_MULTITU_POST_HA01_COMPLETED_EDITOR_REOPEN_R2_20260903.md	development documentation and QA screenshots; not required to run frozen software
docs/qa/V1_MULTITU_R3_POST_HA01_REFRESH_R1_20260903.md	development documentation and QA screenshots; not required to run frozen software
docs/qa/V1_MULTI_TU_FIXTURE_IDENTITY_R2_20260818.md	development documentation and QA screenshots; not required to run frozen software
docs/qa/V1_MULTI_TU_FIXTURE_IDENTITY_R3_20260819.md	development documentation and QA screenshots; not required to run frozen software
docs/qa/V1_MULTI_TU_FIXTURE_IDENTITY_R4_20260819.md	development documentation and QA screenshots; not required to run frozen software
docs/qa/V1_MULTI_TU_FIXTURE_IDENTITY_R5_20260819.md	development documentation and QA screenshots; not required to run frozen software
docs/qa/V1_PATHWAY_STATE_MACHINE_FIX_R2_20260924.md	development documentation and QA screenshots; not required to run frozen software
docs/qa/V1_PATHWAY_STEP2_MAPPING_FIX_R1_20260924.md	development documentation and QA screenshots; not required to run frozen software
docs/qa/V1_PERSIST_FIX_01_COLD_REOPEN_R1_20260923.md	development documentation and QA screenshots; not required to run frozen software
docs/qa/V1_PERSIST_I18N_BROWSER_REVIEW_FIX_R2_20260924.md	development documentation and QA screenshots; not required to run frozen software
docs/qa/V1_PERSIST_I18N_RECONCILIATION_R1_20260923.md	development documentation and QA screenshots; not required to run frozen software
docs/qa/V1_POST_ADOPTION_UI_CORRECTION_R2_20260929.md	development documentation and QA screenshots; not required to run frozen software
docs/qa/V1_POST_ADOPTION_UI_CORRECTION_R5_20260929.md	development documentation and QA screenshots; not required to run frozen software
docs/qa/V1_POST_ADOPTION_UI_CORRECTION_R6_20260929.md	development documentation and QA screenshots; not required to run frozen software
docs/qa/V1_PRODUCT_SURFACE_CLOSURE_BATCH_A_20260827.md	development documentation and QA screenshots; not required to run frozen software
docs/qa/V1_PUBLICATION_DATA_MINIMUM_EXPANSION_R1_20260824.md	development documentation and QA screenshots; not required to run frozen software
docs/qa/V1_REVIEWED_COMPONENT_CATALOG_INTEGRATION_20260827.md	development documentation and QA screenshots; not required to run frozen software
docs/qa/V1_RUNTIME_TEST_DURABLE_EVIDENCE_CONTRACT_FREEZE_R1_20260812.md	development documentation and QA screenshots; not required to run frozen software
docs/qa/V1_SINGLE_GENE_ASSISTED_PROVENANCE_BINDING_R2_20260928.md	development documentation and QA screenshots; not required to run frozen software
docs/qa/V1_SINGLE_GENE_COMPONENT_ROUTING_EXPANSION_R1_20260928.md	development documentation and QA screenshots; not required to run frozen software
docs/qa/V1_SINGLE_GENE_COMPONENT_ROUTING_EXPANSION_R1_20260928_AUDIT.json	development documentation and QA screenshots; not required to run frozen software
docs/qa/V1_SINGLE_GENE_REMAINING_DIRECT_USE_ADMISSION_AUDIT_R1_20260928.md	development documentation and QA screenshots; not required to run frozen software
docs/qa/V1_SINGLE_GENE_SOURCE_SHAPE_TEST_REPAIR_R1_20260901.md	development documentation and QA screenshots; not required to run frozen software
docs/qa/V1_SINGLE_GENE_SOURCE_SHAPE_TEST_REPAIR_R2_20260901.md	development documentation and QA screenshots; not required to run frozen software
docs/qa/V1_SINGLE_GENE_TEST_ISOLATION_R1_20260901.md	development documentation and QA screenshots; not required to run frozen software
docs/qa/V1_TOMATO_HSP18_2_HOST_SCOPE_EXTENSION_R1_20260909.json	development documentation and QA screenshots; not required to run frozen software
docs/qa/V2_0_DOCUMENTATION_WORKSPACE_MANUAL_QA.md	development documentation and QA screenshots; not required to run frozen software
docs/qa/V2_4_DEMO_READY_PRODUCT_FLOW_QA.md	development documentation and QA screenshots; not required to run frozen software
docs/qa/V2_4_LOCAL_PARTS_CATALOG_MVP_QA.md	development documentation and QA screenshots; not required to run frozen software
docs/qa/V2_5_ANALYSIS_TOOLS_DEMO_READINESS_AUDIT.md	development documentation and QA screenshots; not required to run frozen software
docs/qa/V2_5_ANALYSIS_TOOLS_REAL_UI_POLISH_AUDIT.md	development documentation and QA screenshots; not required to run frozen software
docs/qa/V2_5_DEMO_MANUAL_SMOKE_QA.md	development documentation and QA screenshots; not required to run frozen software
docs/qa/V2_6_DEMO_WORKFLOW_OPTIMIZATION_AUDIT.md	development documentation and QA screenshots; not required to run frozen software
docs/qa/V2_6_FULL_FRONTEND_UX_AUDIT.md	development documentation and QA screenshots; not required to run frozen software
docs/qa/V2_6_LOCAL_DESIGN_ASSET_CATALOG_DEMO_READY_QA.md	development documentation and QA screenshots; not required to run frozen software
docs/qa/V2_6_LOCAL_DESIGN_ASSET_SEED_QA.md	development documentation and QA screenshots; not required to run frozen software
docs/qa/V2_6_R109_CROSS_DOMAIN_CODEBASE_INTEGRITY_AND_BUG_TRIAGE_AUDIT.md	development documentation and QA screenshots; not required to run frozen software
docs/qa/V2_6_R111_POST_R110_DEMO_BASELINE_HEALTH_CHECK.md	development documentation and QA screenshots; not required to run frozen software
docs/qa/V2_6_R113_GENERAL_SYNTHETIC_BIOLOGY_SCOPE_REALIGNMENT.md	development documentation and QA screenshots; not required to run frozen software
docs/qa/V2_6_R114A_HOST_CONTEXT_COMMIT_HYGIENE_AUDIT.md	development documentation and QA screenshots; not required to run frozen software
docs/qa/V2_6_R114_CHASSIS_NEUTRAL_HOST_CONTEXT_MODEL.md	development documentation and QA screenshots; not required to run frozen software
docs/qa/V2_6_R115_HOST_CONTEXT_REVIEW_REPORT_READBACK.md	development documentation and QA screenshots; not required to run frozen software
docs/qa/V2_6_R116_DOCUMENTATION_PACKAGE_HOST_CONTEXT_READBACK.md	development documentation and QA screenshots; not required to run frozen software
docs/qa/V2_6_R117_PACKAGE_SCHEMA_BOUNDARY_NOTICE_FOR_HOST_CONTEXT.md	development documentation and QA screenshots; not required to run frozen software
docs/qa/V2_6_R118_HOST_CONTEXT_PACKAGE_SCHEMA_READINESS_AUDIT.md	development documentation and QA screenshots; not required to run frozen software
docs/qa/V2_6_R119_LINKED_CATALOG_ASSET_HOST_CONTEXT_READBACK.md	development documentation and QA screenshots; not required to run frozen software
docs/qa/V2_6_R120_HOST_CONTEXT_READBACK_COVERAGE_AUDIT_AND_POLISH.md	development documentation and QA screenshots; not required to run frozen software
docs/qa/V2_6_R121_CONSTRUCT_COMPONENT_DOCUMENTATION_FOUNDATION.md	development documentation and QA screenshots; not required to run frozen software
docs/qa/V2_6_R122A_CONSTRUCT_COMPONENT_FULL_REGRESSION_BASELINE_CHECK.md	development documentation and QA screenshots; not required to run frozen software
docs/qa/V2_6_R122_CONSTRUCT_COMPONENT_REPORT_MARKDOWN_READBACK.md	development documentation and QA screenshots; not required to run frozen software
docs/qa/V2_6_R123_WHOLE_SOFTWARE_AND_HISTORICAL_ACTIVE_CODE_HEALTH_AUDIT.md	development documentation and QA screenshots; not required to run frozen software
docs/qa/V2_6_R124_DATA_PAGE_VISIBLE_MOJIBAKE_FALLBACK_FIX.md	development documentation and QA screenshots; not required to run frozen software
docs/qa/V2_6_R125_PYTEST_CACHE_WARNING_HYGIENE_AUDIT_FIX.md	development documentation and QA screenshots; not required to run frozen software
docs/qa/V2_6_R126_UNIFIED_DATABASE_MOJIBAKE_COMMENT_READABILITY_CLEANUP.md	development documentation and QA screenshots; not required to run frozen software
docs/qa/V2_6_R127_CORE_SERVICES_MOJIBAKE_READABILITY_INVENTORY.md	development documentation and QA screenshots; not required to run frozen software
docs/qa/V2_6_R128_ACTIVE_CORE_MOJIBAKE_READABILITY_CLEANUP.md	development documentation and QA screenshots; not required to run frozen software
docs/qa/V2_6_R129_ACTIVE_PATH_COPY_SAFETY_RUNTIME_LABEL_AUDIT.md	development documentation and QA screenshots; not required to run frozen software
docs/qa/V2_6_R130_ACTIVE_PATH_DEFERRED_COPY_SAFETY_FOLLOWUP_AUDIT.md	development documentation and QA screenshots; not required to run frozen software
docs/qa/V2_6_R131_PATHWAY_WORKSPACE_ACTIVE_SURFACE_COUPLING_INVENTORY.md	development documentation and QA screenshots; not required to run frozen software
docs/qa/V2_6_R132_PATHWAY_WORKSPACE_TRACEABILITY_SECTION_EXTRACTION.md	development documentation and QA screenshots; not required to run frozen software
docs/qa/V2_6_R133_PATHWAY_WORKSPACE_ORCHESTRATION_REGRESSION_GUARD.md	development documentation and QA screenshots; not required to run frozen software
docs/qa/V2_6_R134_PATHWAY_WORKSPACE_REVIEW_SIGNALS_SECTION_EXTRACTION.md	development documentation and QA screenshots; not required to run frozen software
docs/qa/V2_6_R135_PATHWAY_WORKSPACE_OVERVIEW_EXTRACTION_READINESS_GUARD.md	development documentation and QA screenshots; not required to run frozen software
docs/qa/V2_6_R136_PATHWAY_WORKSPACE_OVERVIEW_SUMMARY_SECTION_EXTRACTION.md	development documentation and QA screenshots; not required to run frozen software
docs/qa/V2_6_R137_PATHWAY_WORKSPACE_SECTION_EXTRACTION_REGRESSION_CHECKPOINT.md	development documentation and QA screenshots; not required to run frozen software
docs/qa/V2_6_R138_PATHWAY_WORKSPACE_OWNERSHIP_DRIFT_AUDIT.md	development documentation and QA screenshots; not required to run frozen software
docs/qa/V2_6_R139_FULL_SOFTWARE_HEALTH_AUDIT_AFTER_PATHWAY_WORKSPACE_EXTRACTION.md	development documentation and QA screenshots; not required to run frozen software
docs/qa/V2_6_R13_STABILITY_BASELINE_AND_BATCH_WORKFLOW.md	development documentation and QA screenshots; not required to run frozen software
docs/qa/V2_6_R140_IMPORT_PREVIEW_EXECUTION_STATE_MODEL_RECONCILIATION.md	development documentation and QA screenshots; not required to run frozen software
docs/qa/V2_6_R141_STEP2_HOST_CANDIDATE_COPY_SAFETY_RECONCILIATION.md	development documentation and QA screenshots; not required to run frozen software
docs/qa/V2_6_R142_STEP3_OPTIMIZATION_COPY_SAFETY_AUDIT.md	development documentation and QA screenshots; not required to run frozen software
docs/qa/V2_6_R143_WIZARD_DOWNSTREAM_COPY_SAFETY_AUDIT.md	development documentation and QA screenshots; not required to run frozen software
docs/qa/V2_6_R144_WIZARD_COPY_SAFETY_REGRESSION_CHECKPOINT.md	development documentation and QA screenshots; not required to run frozen software
docs/qa/V2_6_R145_WINDOWS_PYTEST_TEMP_PATH_HYGIENE_AUDIT.md	development documentation and QA screenshots; not required to run frozen software
docs/qa/V2_6_R146_FOCUSED_TEST_GROUP_TEMP_EXPOSURE_INVENTORY.md	development documentation and QA screenshots; not required to run frozen software
docs/qa/V2_6_R147_PROJECT_QUALITY_DASHBOARD_TEMP_PATH_HELPER_MIGRATION.md	development documentation and QA screenshots; not required to run frozen software
docs/qa/V2_6_R148_PROJECT_REVIEW_REPORT_TEMP_PATH_HELPER_MIGRATION.md	development documentation and QA screenshots; not required to run frozen software
docs/qa/V2_6_R149_TEMP_PATH_HELPER_MIGRATION_CHECKPOINT.md	development documentation and QA screenshots; not required to run frozen software
docs/qa/V2_6_R150_REGISTRY_RECOMMENDED_PAIRING_DISPLAY_SEMANTICS.md	development documentation and QA screenshots; not required to run frozen software
docs/qa/V2_6_R151_REGISTRY_PAIRING_DEFAULT_TEXT_AND_REPORT_SURFACE_AUDIT.md	development documentation and QA screenshots; not required to run frozen software
docs/qa/V2_6_R152_NEW_WEEK_PRODUCT_DIRECTION_REVIEW.md	development documentation and QA screenshots; not required to run frozen software
docs/qa/V2_6_R153_IMPORT_EXECUTION_TRUTHFULNESS_RECONCILIATION.md	development documentation and QA screenshots; not required to run frozen software
docs/qa/V2_6_R156_REPOSITORY_STRUCTURE_AND_PRODUCT_SPINE_CLEANUP_AUDIT.md	development documentation and QA screenshots; not required to run frozen software
docs/qa/V2_6_R157_DOCS_ARCHIVE_PRUNE_LOW_RISK_PASS.md	development documentation and QA screenshots; not required to run frozen software
docs/qa/V2_6_R158_CODE_MODULE_BOUNDARY_CLEANUP_AUDIT.md	development documentation and QA screenshots; not required to run frozen software
docs/qa/V2_6_R159B_BASELINE_COPY_NAV_IMPORT_DRIFT_REPAIR.md	development documentation and QA screenshots; not required to run frozen software
docs/qa/V2_6_R159_CONSTRUCT_PRESENTER_BOUNDARY_CLEANUP.md	development documentation and QA screenshots; not required to run frozen software
docs/qa/V2_6_R15_PLANT_PROMOTER_CATALOG_BROWSE_UI_CHECKPOINT.md	development documentation and QA screenshots; not required to run frozen software
docs/qa/V2_6_R160_TARGET_DESIGN_ROUTER_MVP_PLAN.md	development documentation and QA screenshots; not required to run frozen software
docs/qa/V2_6_R161_DESIGN_ASSET_CATALOG_MVP_PLAN.md	development documentation and QA screenshots; not required to run frozen software
docs/qa/V2_6_R162_TARGET_DESIGN_ROUTER_SERVICE_SKELETON.md	development documentation and QA screenshots; not required to run frozen software
docs/qa/V2_6_R163_TARGET_ROUTER_PREVIEW_PRESENTER.md	development documentation and QA screenshots; not required to run frozen software
docs/qa/V2_6_R164_TARGET_DESIGN_PREVIEW_READ_ONLY_UI.md	development documentation and QA screenshots; not required to run frozen software
docs/qa/V2_6_R165A_TARGET_PREVIEW_FULL_REGRESSION_BASELINE_AUDIT.md	development documentation and QA screenshots; not required to run frozen software
docs/qa/V2_6_R165_TARGET_DESIGN_PREVIEW_MARKDOWN_READBACK.md	development documentation and QA screenshots; not required to run frozen software
docs/qa/V2_6_R166_PRODUCT_DIRECTION_CHARTER_AND_DEVELOPMENT_BOUNDARY.md	development documentation and QA screenshots; not required to run frozen software
docs/qa/V2_6_R166_TARGET_DESIGN_PREVIEW_READABILITY_POLISH.md	development documentation and QA screenshots; not required to run frozen software
docs/qa/V2_6_R167_FULL_SOFTWARE_DIRECTION_AND_STATE_AUDIT.md	development documentation and QA screenshots; not required to run frozen software
docs/qa/V2_6_R167_TARGET_DESIGN_PREVIEW_MANUAL_EXAMPLE_WALKTHROUGH.md	development documentation and QA screenshots; not required to run frozen software
docs/qa/V2_6_R168_TARGET_DESIGN_PREVIEW_READ_ONLY_USABILITY_POLISH.md	development documentation and QA screenshots; not required to run frozen software
docs/qa/V2_6_R168_TARGET_PREVIEW_CHAIN_ARCHITECTURE_HANDOFF_MAP.md	development documentation and QA screenshots; not required to run frozen software
docs/qa/V2_6_R169_COMPONENT_LIBRARY_UI_OVERLOAD_INFORMATION_ARCHITECTURE_AUDIT.md	development documentation and QA screenshots; not required to run frozen software
docs/qa/V2_6_R169_POST_R168_PRODUCT_DIRECTION_CHECKPOINT_NEXT_SURFACE_SELECTION.md	development documentation and QA screenshots; not required to run frozen software
docs/qa/V2_6_R169_TARGET_PREVIEW_SAVE_TO_CONSTRUCT_MAPPING_RISK_AUDIT.md	development documentation and QA screenshots; not required to run frozen software
docs/qa/V2_6_R16_DOCUMENTATION_ARCHIVE_DRY_RUN.md	development documentation and QA screenshots; not required to run frozen software
docs/qa/V2_6_R170_COMPONENT_LIBRARY_UI_STRUCTURE_READABILITY_POLISH.md	development documentation and QA screenshots; not required to run frozen software
docs/qa/V2_6_R170_EXPRESSION_CONSTRUCTS_COMPONENT_READBACK_PROVENANCE_GAP_CLARITY.md	development documentation and QA screenshots; not required to run frozen software
docs/qa/V2_6_R171_COMPONENT_LIBRARY_DATA_CONSISTENCY_SOURCE_OF_TRUTH_AUDIT.md	development documentation and QA screenshots; not required to run frozen software
docs/qa/V2_6_R171_EXPRESSION_CONSTRUCTS_COMPONENT_READBACK_MANUAL_WALKTHROUGH_QA.md	development documentation and QA screenshots; not required to run frozen software
docs/qa/V2_6_R172_COMPONENT_LIBRARY_SOURCE_SCOPE_LABELING_POLISH.md	development documentation and QA screenshots; not required to run frozen software
docs/qa/V2_6_R172_CONSTRUCT_COMPONENT_ROWS_REPORT_READBACK_REUSE_AUDIT.md	development documentation and QA screenshots; not required to run frozen software
docs/qa/V2_6_R173_COMPONENT_LIBRARY_SECTION_GROUPING_DEFAULT_COLLAPSE_POLISH.md	development documentation and QA screenshots; not required to run frozen software
docs/qa/V2_6_R173_EXPRESSION_CONSTRUCTS_REVIEW_WORKSPACE_SUMMARY_GAP_QUEUE.md	development documentation and QA screenshots; not required to run frozen software
docs/qa/V2_6_R174_COMPONENT_LIBRARY_SELECTED_DETAIL_DEFAULT_COLLAPSE_POLISH.md	development documentation and QA screenshots; not required to run frozen software
docs/qa/V2_6_R174_PROJECT_QUALITY_DASHBOARD_EXPRESSION_CONSTRUCT_REVIEW_QUEUE.md	development documentation and QA screenshots; not required to run frozen software
docs/qa/V2_6_R175_COMPONENT_LIBRARY_POST_POLISH_BASELINE_AUDIT.md	development documentation and QA screenshots; not required to run frozen software
docs/qa/V2_6_R175_EXPRESSION_CONSTRUCT_REVIEW_WORKFLOW_END_TO_END_ALIGNMENT.md	development documentation and QA screenshots; not required to run frozen software
docs/qa/V2_6_R176_EXPRESSION_CONSTRUCT_REVIEW_WORKFLOW_FULL_REGRESSION_BASELINE_AUDIT.md	development documentation and QA screenshots; not required to run frozen software
docs/qa/V2_6_R176_PRODUCT_VALUE_AND_NEXT_LINE_SELECTION_AUDIT.md	development documentation and QA screenshots; not required to run frozen software
docs/qa/V2_6_R177_PROJECT_REVIEW_HANDOFF_CENTER.md	development documentation and QA screenshots; not required to run frozen software
docs/qa/V2_6_R177_PROJECT_REVIEW_HANDOFF_DESIGN_REVIEW_PACKAGE_INTEGRATION_AUDIT.md	development documentation and QA screenshots; not required to run frozen software
docs/qa/V2_6_R178_PROJECT_HANDOFF_PACKAGE_PREVIEW.md	development documentation and QA screenshots; not required to run frozen software
docs/qa/V2_6_R178_PROJECT_REVIEW_TARGET_PREVIEW_MARKDOWN_REPORT_ADAPTER.md	development documentation and QA screenshots; not required to run frozen software
docs/qa/V2_6_R179_PROJECT_HANDOFF_SNAPSHOT_IDENTITY_REVIEW_CARD.md	development documentation and QA screenshots; not required to run frozen software
docs/qa/V2_6_R179_PROJECT_REVIEW_TARGET_PREVIEW_OPTIONAL_MARKDOWN_UI_PATH_AUDIT.md	development documentation and QA screenshots; not required to run frozen software
docs/qa/V2_6_R17_EXPRESSION_CONSTRUCT_BROWSE_UI_CHECKPOINT.md	development documentation and QA screenshots; not required to run frozen software
docs/qa/V2_6_R17_LOW_RISK_ROADMAP_ARCHIVE_BATCH.md	development documentation and QA screenshots; not required to run frozen software
docs/qa/V2_6_R180_PROJECT_HANDOFF_REVIEW_SHEET_COPY_VIEW.md	development documentation and QA screenshots; not required to run frozen software
docs/qa/V2_6_R180_PROJECT_REVIEW_TARGET_PREVIEW_UI_CONTRACT_AUDIT.md	development documentation and QA screenshots; not required to run frozen software
docs/qa/V2_6_R181_PROJECT_DIRECTION_LOCK_PRODUCT_SCOPE_CLARIFICATION.md	development documentation and QA screenshots; not required to run frozen software
docs/qa/V2_6_R181_PROJECT_HANDOFF_TRACEABILITY_MATRIX.md	development documentation and QA screenshots; not required to run frozen software
docs/qa/V2_6_R182_CORE_REVIEW_LOOP_ACTIVE_SURFACE_ALIGNMENT_AUDIT.md	development documentation and QA screenshots; not required to run frozen software
docs/qa/V2_6_R182_PROJECT_HANDOFF_WORKFLOW_FULL_REGRESSION_BASELINE_AUDIT.md	development documentation and QA screenshots; not required to run frozen software
docs/qa/V2_6_R183_ACTIVE_REVIEW_SURFACE_SMALL_FIX_SPRINT_1.md	development documentation and QA screenshots; not required to run frozen software
docs/qa/V2_6_R183_PROJECT_HANDOFF_QR_VERIFICATION_PREVIEW.md	development documentation and QA screenshots; not required to run frozen software
docs/qa/V2_6_R184_PROJECT_HANDOFF_REVIEW_WORKSPACE_NAVIGATION_HUB.md	development documentation and QA screenshots; not required to run frozen software
docs/qa/V2_6_R184_PROJECT_REVIEW_HANDOFF_REVIEW_CUE_CONSISTENCY_SPRINT.md	development documentation and QA screenshots; not required to run frozen software
docs/qa/V2_6_R185_PROJECT_QUALITY_DASHBOARD_CLAIM_GUARD_FIX_HANDOFF_WORKSPACE.md	development documentation and QA screenshots; not required to run frozen software
docs/qa/V2_6_R185_PROJECT_REVIEW_REPORT_REVIEW_PATH_CONSISTENCY_SPRINT.md	development documentation and QA screenshots; not required to run frozen software
docs/qa/V2_6_R186_PROJECT_QUALITY_DASHBOARD_HOST_COMPATIBILITY_RUNTIME_BLOCKER_FIX.md	development documentation and QA screenshots; not required to run frozen software
docs/qa/V2_6_R186_REPORT_HANDOFF_REVIEW_LABEL_HELPER_CONSOLIDATION.md	development documentation and QA screenshots; not required to run frozen software
docs/qa/V2_6_R186_RUNTIME_CLAIM_GUARD_SWEEP_ACTIVE_SURFACE_CRASH_AUDIT.md	development documentation and QA screenshots; not required to run frozen software
docs/qa/V2_6_R187_EXPRESSION_CONSTRUCTS_COMPONENT_LIBRARY_PRACTICAL_REVIEW_FIX_SPRINT_2.md	development documentation and QA screenshots; not required to run frozen software
docs/qa/V2_6_R187_GENERATED_OUTPUT_BOUNDARY_FRAMEWORK.md	development documentation and QA screenshots; not required to run frozen software
docs/qa/V2_6_R188_PLACEHOLDER_AS_RECORDED_GAP_SWEEP.md	development documentation and QA screenshots; not required to run frozen software
docs/qa/V2_6_R188_REMAINING_GENERATED_COPY_SURFACE_AUDIT.md	development documentation and QA screenshots; not required to run frozen software
docs/qa/V2_6_R189_COMPONENT_LIBRARY_CONSOLIDATION_AUDIT.md	development documentation and QA screenshots; not required to run frozen software
docs/qa/V2_6_R189_PLACEHOLDER_HELPER_ADOPTION_FINISH_PASS.md	development documentation and QA screenshots; not required to run frozen software
docs/qa/V2_6_R18A_FULL_REGRESSION_VERIFICATION_CHECKPOINT.md	development documentation and QA screenshots; not required to run frozen software
docs/qa/V2_6_R18_ARCHIVE_REFERENCE_VERIFICATION.md	development documentation and QA screenshots; not required to run frozen software
docs/qa/V2_6_R18_EDITABLE_CONSTRUCT_DRAFT_WORKFLOW_CHECKPOINT.md	development documentation and QA screenshots; not required to run frozen software
docs/qa/V2_6_R190_CANDIDATE_EVIDENCE_QUALITY_DASHBOARD_PRACTICAL_REVIEW_FIX_SPRINT.md	development documentation and QA screenshots; not required to run frozen software
docs/qa/V2_6_R190_NAVIGATION_SURFACE_RATIONALIZATION_AUDIT.md	development documentation and QA screenshots; not required to run frozen software
docs/qa/V2_6_R191_LEGACY_SOURCE_REVIEW_METADATA_WORDING_CLEANUP_SPRINT.md	development documentation and QA screenshots; not required to run frozen software
docs/qa/V2_6_R191_LITERATURE_AND_OPEN_SOURCE_WATCH_PLAN.md	development documentation and QA screenshots; not required to run frozen software
docs/qa/V2_6_R192_COMPONENT_LIBRARY_IA_COPY_MAP.md	development documentation and QA screenshots; not required to run frozen software
docs/qa/V2_6_R193_PLANT_PROMOTER_NAVIGATION_DE_EMPHASIS.md	development documentation and QA screenshots; not required to run frozen software
docs/qa/V2_6_R194_WEEKLY_WATCH_REPORT_TEMPLATE.md	development documentation and QA screenshots; not required to run frozen software
docs/qa/V2_6_R195_COMPONENT_LIBRARY_ROUTE_PRESERVATION_AUDIT.md	development documentation and QA screenshots; not required to run frozen software
docs/qa/V2_6_R196_DATA_COMPONENT_LIBRARY_PROMOTER_ASSET_ENTRY_POLISH.md	development documentation and QA screenshots; not required to run frozen software
docs/qa/V2_6_R197_PATHWAY_WORKSPACE_LINKED_CATALOG_ASSET_WORDING_ALIGNMENT.md	development documentation and QA screenshots; not required to run frozen software
docs/qa/V2_6_R198_PROJECT_REVIEW_REPORT_PACKAGE_PROMOTER_ASSET_WORDING_AUDIT.md	development documentation and QA screenshots; not required to run frozen software
docs/qa/V2_6_R199_STEP6_EXPRESSION_WIZARD_CATALOG_TRACEABILITY_PROMOTER_ASSET_WORDING_AUDIT.md	development documentation and QA screenshots; not required to run frozen software
docs/qa/V2_6_R19_DEFERRED_DOCUMENTATION_DECISION_AUDIT.md	development documentation and QA screenshots; not required to run frozen software
docs/qa/V2_6_R19_EXPRESSION_WIZARD_TO_CONSTRUCT_SAVE_FLOW_CHECKPOINT.md	development documentation and QA screenshots; not required to run frozen software
docs/qa/V2_6_R200_DOCS_DEMO_LEARNING_NARRATIVE_AUDIT.md	development documentation and QA screenshots; not required to run frozen software
docs/qa/V2_6_R201_README_STATUS_INDEX_NARRATIVE_POINTER_AUDIT.md	development documentation and QA screenshots; not required to run frozen software
docs/qa/V2_6_R202_GENERIC_COMPONENT_LIBRARY_ASSET_MODEL_AUDIT.md	development documentation and QA screenshots; not required to run frozen software
docs/qa/V2_6_R203_GENERIC_COMPONENT_LIBRARY_ASSET_READBACK_PRESENTER.md	development documentation and QA screenshots; not required to run frozen software
docs/qa/V2_6_R204_GENERIC_COMPONENT_LIBRARY_ASSET_READBACK_QUALITY_DASHBOARD_INTEGRATION.md	development documentation and QA screenshots; not required to run frozen software
docs/qa/V2_6_R205_TYPE_SPECIFIC_COMPONENT_LIBRARY_READBACK_PLANNING.md	development documentation and QA screenshots; not required to run frozen software
docs/qa/V2_6_R206_COMPONENT_LIBRARY_ASSET_READBACK_REPORT_SNAPSHOT.md	development documentation and QA screenshots; not required to run frozen software
docs/qa/V2_6_R207_TYPE_SPECIFIC_COMPONENT_LIBRARY_READBACK_EXTENSION_CANDIDATE_AUDIT.md	development documentation and QA screenshots; not required to run frozen software
docs/qa/V2_6_R208_COMPONENT_LIBRARY_DOCUMENTATION_CONTEXT_NOTE_PRESENTER_EXTENSION.md	development documentation and QA screenshots; not required to run frozen software
docs/qa/V2_6_R209_COMPONENT_LIBRARY_READBACK_BASELINE_REGRESSION_AUDIT.md	development documentation and QA screenshots; not required to run frozen software
docs/qa/V2_6_R20_PLANT_PROMOTER_TO_CASSETTE_LINK_CHECKPOINT.md	development documentation and QA screenshots; not required to run frozen software
docs/qa/V2_6_R20_STRICT_LOW_RISK_DEFERRED_ARCHIVE_BATCH.md	development documentation and QA screenshots; not required to run frozen software
docs/qa/V2_6_R210_CONSTRUCT_COMPONENT_REVIEW_VALUE_AUDIT.md	development documentation and QA screenshots; not required to run frozen software
docs/qa/V2_6_R211_CONSTRUCT_COMPONENT_AMBIGUITY_FOLLOW_UP_ROWS.md	development documentation and QA screenshots; not required to run frozen software
docs/qa/V2_6_R212_CONSTRUCT_COMPONENT_FOLLOW_UP_DASHBOARD_REPORT_READBACK_AUDIT.md	development documentation and QA screenshots; not required to run frozen software
docs/qa/V2_6_R213_CONSTRUCT_COMPONENT_FOLLOW_UP_REPORT_SNAPSHOT_POLISH.md	development documentation and QA screenshots; not required to run frozen software
docs/qa/V2_6_R214_CONSTRUCT_COMPONENT_FOLLOW_UP_EXAMPLE_REPORT_WALKTHROUGH.md	development documentation and QA screenshots; not required to run frozen software
docs/qa/V2_6_R215_PRODUCT_VALUE_REBALANCE_AFTER_CONSTRUCT_REVIEW_LINE.md	development documentation and QA screenshots; not required to run frozen software
docs/qa/V2_6_R216_EXPRESSION_CONSTRUCTS_REVIEW_ACTION_CUE.md	development documentation and QA screenshots; not required to run frozen software
docs/qa/V2_6_R217_EXPRESSION_CONSTRUCTS_FOLLOW_UP_CUE_READABILITY_POLISH.md	development documentation and QA screenshots; not required to run frozen software
docs/qa/V2_6_R218_BIOLOGICAL_APPLICATION_SCENARIO_PAGE.md	development documentation and QA screenshots; not required to run frozen software
docs/qa/V2_6_R218_MANUAL_FOLLOW_UP_QUEUE_COLUMN_CONSISTENCY.md	development documentation and QA screenshots; not required to run frozen software
docs/qa/V2_6_R219_UI_READABILITY_RESPONSIVE_FONT_PASS.md	development documentation and QA screenshots; not required to run frozen software
docs/qa/V2_6_R21_CONSTRUCT_REPORT_INTEGRATION_CHECKPOINT.md	development documentation and QA screenshots; not required to run frozen software
docs/qa/V2_6_R21_PATHWAY_WORKSPACE_CODE_QUALITY_AUDIT.md	development documentation and QA screenshots; not required to run frozen software
docs/qa/V2_6_R220_CODON_USAGE_PREVIEW_OPTIMIZATION_BOUNDARY.md	development documentation and QA screenshots; not required to run frozen software
docs/qa/V2_6_R221_COMPONENT_CONSERVATION_REVIEW_BOUNDARY.md	development documentation and QA screenshots; not required to run frozen software
docs/qa/V2_6_R222_EXPORTED_REPORT_IDENTITY_VISUAL_NARRATIVE_POLISH.md	development documentation and QA screenshots; not required to run frozen software
docs/qa/V2_6_R222_VALIDATION_CASE_PACKAGE_FOUNDATION.md	development documentation and QA screenshots; not required to run frozen software
docs/qa/V2_6_R223_LOCAL_CODEX_SKILLS_FOUNDATION.md	development documentation and QA screenshots; not required to run frozen software
docs/qa/V2_6_R224_CODON_USAGE_PREVIEW_READABILITY_RECONCILIATION.md	development documentation and QA screenshots; not required to run frozen software
docs/qa/V2_6_R225_FULL_ACTIVE_UI_PRODUCT_BOUNDARY_AUDIT.md	development documentation and QA screenshots; not required to run frozen software
docs/qa/V2_6_R226_CODON_USAGE_PREVIEW_RUNTIME_TYPOGRAPHY_FIX.md	development documentation and QA screenshots; not required to run frozen software
docs/qa/V2_6_R226_DESIGN_LIBRARY_SAVED_RECORD_READABILITY_COPY_BOUNDARY.md	development documentation and QA screenshots; not required to run frozen software
docs/qa/V2_6_R227_NAVIGATION_IA_METRIC_TYPOGRAPHY_FIX.md	development documentation and QA screenshots; not required to run frozen software
docs/qa/V2_6_R228_PLASMID_MAP_PREVIEW_AUDIT.md	development documentation and QA screenshots; not required to run frozen software
docs/qa/V2_6_R229_PLASMID_CONSTRUCT_MAP_WORDING_READBACK_POLISH.md	development documentation and QA screenshots; not required to run frozen software
docs/qa/V2_6_R22_PRODUCT_WORKFLOW_POLISH_USABILITY_GATE.md	development documentation and QA screenshots; not required to run frozen software
docs/qa/V2_6_R230_ASSEMBLY_SEQUENCE_MAP_DOCUMENTATION_BOUNDARY_POLISH.md	development documentation and QA screenshots; not required to run frozen software
docs/qa/V2_6_R231_PLASMID_MAP_COMPONENT_OWNERSHIP_AUDIT.md	development documentation and QA screenshots; not required to run frozen software
docs/qa/V2_6_R232_REPORT_EXPORT_MAP_METADATA_WORDING_ALIGNMENT.md	development documentation and QA screenshots; not required to run frozen software
docs/qa/V2_6_R233_REPORT_EXPORT_TERMINOLOGY_CONSISTENCY_AUDIT.md	development documentation and QA screenshots; not required to run frozen software
docs/qa/V2_6_R234_CODON_OPTIMIZATION_FEASIBILITY_BOUNDARY_AUDIT.md	development documentation and QA screenshots; not required to run frozen software
docs/qa/V2_6_R235_CODON_TABLE_PROVENANCE_SAFE_NAMING_PLAN.md	development documentation and QA screenshots; not required to run frozen software
docs/qa/V2_6_R236_CODON_TABLE_PROVENANCE_METADATA_SKELETON.md	development documentation and QA screenshots; not required to run frozen software
docs/qa/V2_6_R237_CODON_TABLE_PROVENANCE_SOURCE_AUDIT.md	development documentation and QA screenshots; not required to run frozen software
docs/qa/V2_6_R238_COMPONENT_LIBRARY_UTILIZATION_AUDIT_FOR_EXPRESSION_WIZARD.md	development documentation and QA screenshots; not required to run frozen software
docs/qa/V2_6_R239_EXPRESSION_WIZARD_STEP2_COMPONENT_LIBRARY_CONTEXT_PRESENTER.md	development documentation and QA screenshots; not required to run frozen software
docs/qa/V2_6_R23_AUTONOMOUS_RUNNER_QA_CHECKPOINT.md	development documentation and QA screenshots; not required to run frozen software
docs/qa/V2_6_R23_PROJECT_LEVEL_CONSTRUCT_LINKAGE_CHECKPOINT.md	development documentation and QA screenshots; not required to run frozen software
docs/qa/V2_6_R240_STEP2_COMPONENT_CONTEXT_FLOW_AUDIT_AND_BRIDGE_PLAN.md	development documentation and QA screenshots; not required to run frozen software
docs/qa/V2_6_R241_EXPRESSION_CONSTRUCTS_STEP2_COMPONENT_CONTEXT_READBACK_BRIDGE.md	development documentation and QA screenshots; not required to run frozen software
docs/qa/V2_6_R242_PROJECT_REVIEW_HANDOFF_STEP2_COMPONENT_CONTEXT_APPENDIX_BRIDGE.md	development documentation and QA screenshots; not required to run frozen software
docs/qa/V2_6_R243_PROJECT_REVIEW_HANDOFF_UI_STEP2_CONTEXT_PASS_THROUGH_AUDIT.md	development documentation and QA screenshots; not required to run frozen software
docs/qa/V2_6_R244_PROJECT_REVIEW_HANDOFF_UI_STEP2_CONTEXT_PASS_THROUGH.md	development documentation and QA screenshots; not required to run frozen software
docs/qa/V2_6_R245_STEP2_COMPONENT_CONTEXT_INTEGRATED_READBACK_QA.md	development documentation and QA screenshots; not required to run frozen software
docs/qa/V2_6_R246_DASHBOARD_MANUAL_FOLLOW_UP_SUMMARY_AUDIT_FOR_STEP2_CONTEXT.md	development documentation and QA screenshots; not required to run frozen software
docs/qa/V2_6_R247_DASHBOARD_MANUAL_FOLLOW_UP_SUMMARY_FOR_STEP2_CONTEXT.md	development documentation and QA screenshots; not required to run frozen software
docs/qa/V2_6_R248_PROJECT_REVIEW_HANDOFF_STEP2_APPENDIX_TERMINOLOGY_CONSISTENCY_AUDIT.md	development documentation and QA screenshots; not required to run frozen software
docs/qa/V2_6_R249_CODON_OPTIMIZATION_DRAFT_METRICS_PLANNING_AUDIT.md	development documentation and QA screenshots; not required to run frozen software
docs/qa/V2_6_R24_PROJECT_OUTPUTS_PRESENTER_COVERAGE_AUDIT.md	development documentation and QA screenshots; not required to run frozen software
docs/qa/V2_6_R24_REAL_PROJECT_IMPORT_EXPORT_FOUNDATION_CHECKPOINT.md	development documentation and QA screenshots; not required to run frozen software
docs/qa/V2_6_R250_CODON_DRAFT_METRICS_ENGINE_SKELETON.md	development documentation and QA screenshots; not required to run frozen software
docs/qa/V2_6_R251_CODON_DRAFT_METRICS_UI_READBACK_SKELETON.md	development documentation and QA screenshots; not required to run frozen software
docs/qa/V2_6_R252_CODON_DRAFT_METRICS_REPORT_READBACK_EXPORT_BOUNDARY_AUDIT.md	development documentation and QA screenshots; not required to run frozen software
docs/qa/V2_6_R252_CURRENT_DEVELOPMENT_STATUS_AND_SCOPE_EXPANSION_AUDIT.md	development documentation and QA screenshots; not required to run frozen software
docs/qa/V2_6_R252_EXPRESSION_WIZARD_STEP2_CONTEXT_DENSITY_FIX.md	development documentation and QA screenshots; not required to run frozen software
docs/qa/V2_6_R253_EXPRESSION_WIZARD_HOST_TAG_OPTION_COVERAGE_OPTIMIZATION.md	development documentation and QA screenshots; not required to run frozen software
docs/qa/V2_6_R254A_CODON_CANDIDATE_DRAFT_CORE_SERVICE.md	development documentation and QA screenshots; not required to run frozen software
docs/qa/V2_6_R255_EXPRESSION_WIZARD_STEP3_CODON_PREVIEW_WORDING_ALIGNMENT.md	development documentation and QA screenshots; not required to run frozen software
docs/qa/V2_6_R256_EXPRESSION_WIZARD_VISUAL_INTERACTION_QA_SWEEP.md	development documentation and QA screenshots; not required to run frozen software
docs/qa/V2_6_R257_EXPRESSION_WIZARD_STEP4_CASSETTE_BOUNDARY_REVIEW_REFRAME.md	development documentation and QA screenshots; not required to run frozen software
docs/qa/V2_6_R257_SEQUENCE_TOOLS_LOCAL_REGISTRY_VERIFICATION_BLOCKER_FIX.md	development documentation and QA screenshots; not required to run frozen software
docs/qa/V2_6_R258_CODON_CANDIDATE_DRAFT_UI_INTEGRATION.md	development documentation and QA screenshots; not required to run frozen software
docs/qa/V2_6_R258_EXPRESSION_WIZARD_MVP_CUTLINE_PRODUCT_CLOSURE_AUDIT.md	development documentation and QA screenshots; not required to run frozen software
docs/qa/V2_6_R258_PRACTICAL_PROBLEM_DEFINITION_AND_MVP_CLOSURE_AUDIT.md	development documentation and QA screenshots; not required to run frozen software
docs/qa/V2_6_R259_MVP_CLOSURE_CHECKLIST_AND_MANUAL_QA_SCRIPT.md	development documentation and QA screenshots; not required to run frozen software
docs/qa/V2_6_R25_IMPORT_EXPORT_UI_PACKAGE_PREVIEW_CHECKPOINT.md	development documentation and QA screenshots; not required to run frozen software
docs/qa/V2_6_R260_MANUAL_MVP_WALKTHROUGH_RESULT_REVIEW.md	development documentation and QA screenshots; not required to run frozen software
docs/qa/V2_6_R261_FULL_SOFTWARE_DIRECTION_AND_EXPRESSION_VECTOR_READINESS_AUDIT.md	development documentation and QA screenshots; not required to run frozen software
docs/qa/V2_6_R262_EXPRESSION_VECTOR_MVP_WORKFLOW_MAP_AND_NAVIGATION_REFOCUS.md	development documentation and QA screenshots; not required to run frozen software
docs/qa/V2_6_R263_PLAN_COMPONENT_LIBRARY_TO_EXPRESSION_CASSETTE_SLOT_MAPPING_AUDIT.md	development documentation and QA screenshots; not required to run frozen software
docs/qa/V2_6_R264_PLAN_EXPRESSION_VECTOR_DESIGN_PACKAGE_OUTPUT_CONTRACT_AUDIT.md	development documentation and QA screenshots; not required to run frozen software
docs/qa/V2_6_R265_EXPRESSION_CASSETTE_SLOT_ROWS_PRESENTER_SKELETON.md	development documentation and QA screenshots; not required to run frozen software
docs/qa/V2_6_R266_EXPRESSION_CASSETTE_SLOT_ROWS_READ_ONLY_UI_PREVIEW_WIRING.md	development documentation and QA screenshots; not required to run frozen software
docs/qa/V2_6_R267_EXPRESSION_CASSETTE_SLOT_PREVIEW_MANUAL_WALKTHROUGH_AND_READABILITY_AUDIT.md	development documentation and QA screenshots; not required to run frozen software
docs/qa/V2_6_R268_EXPRESSION_CASSETTE_SLOT_PREVIEW_GROUPING_AND_READABILITY_POLISH.md	development documentation and QA screenshots; not required to run frozen software
docs/qa/V2_6_R269_EXPRESSION_VECTOR_DESIGN_PACKAGE_READ_ONLY_ADAPTER_SKELETON.md	development documentation and QA screenshots; not required to run frozen software
docs/qa/V2_6_R26_NON_DESTRUCTIVE_IMPORT_CONFIRMATION_CHECKPOINT.md	development documentation and QA screenshots; not required to run frozen software
docs/qa/V2_6_R26_READ_ONLY_WORKSPACE_REGRESSION_CHECKPOINT.md	development documentation and QA screenshots; not required to run frozen software
docs/qa/V2_6_R270_EXPRESSION_VECTOR_DESIGN_PACKAGE_PREVIEW_MARKDOWN_FORMATTER.md	development documentation and QA screenshots; not required to run frozen software
docs/qa/V2_6_R271_EXPRESSION_VECTOR_DESIGN_PACKAGE_MARKDOWN_PREVIEW_UI_WIRING.md	development documentation and QA screenshots; not required to run frozen software
docs/qa/V2_6_R272_REPRESENTATIVE_EXPRESSION_VECTOR_DASHBOARD_PACKAGE_PREVIEW_WALKTHROUGH.md	development documentation and QA screenshots; not required to run frozen software
docs/qa/V2_6_R273_DASHBOARD_PACKAGE_PREVIEW_COPY_AND_LENGTH_POLISH.md	development documentation and QA screenshots; not required to run frozen software
docs/qa/V2_6_R274_DEDICATED_HANDOFF_REVIEW_WORKSPACE_INFORMATION_ARCHITECTURE_DRAFT.md	development documentation and QA screenshots; not required to run frozen software
docs/qa/V2_6_R275_DEDICATED_HANDOFF_REVIEW_WORKSPACE_READ_ONLY_PREVIEW_WIRING.md	development documentation and QA screenshots; not required to run frozen software
docs/qa/V2_6_R276_HANDOFF_REVIEW_EXPRESSION_VECTOR_PREVIEW_MVP_CLOSURE.md	development documentation and QA screenshots; not required to run frozen software
docs/qa/V2_6_R277_REPRESENTATIVE_EXPRESSION_VECTOR_MVP_BROWSER_WALKTHROUGH_QA.md	development documentation and QA screenshots; not required to run frozen software
docs/qa/V2_6_R278_SINGLE_GENE_EXPRESSION_VECTOR_SAMPLE_WALKTHROUGH_HELPER.md	development documentation and QA screenshots; not required to run frozen software
docs/qa/V2_6_R279_SAMPLE_HELPER_FIRST_TIME_USER_BROWSER_WALKTHROUGH_QA.md	development documentation and QA screenshots; not required to run frozen software
docs/qa/V2_6_R27_PROJECT_PACKAGE_ROUND_TRIP_QA_CHECKPOINT.md	development documentation and QA screenshots; not required to run frozen software
docs/qa/V2_6_R27_USER_FACING_WORKFLOW_CLARITY_AUDIT.md	development documentation and QA screenshots; not required to run frozen software
docs/qa/V2_6_R280_REAL_RECORD_TO_EXPRESSION_VECTOR_DESIGN_PACKAGE_PREVIEW_WIRING_MVP.md	development documentation and QA screenshots; not required to run frozen software
docs/qa/V2_6_R281_CURRENT_RECORD_SOURCE_READBACK_TABLE_FOR_PACKAGE_PREVIEW.md	development documentation and QA screenshots; not required to run frozen software
docs/qa/V2_6_R282_HANDOFF_REVIEW_SOURCE_READBACK_TABLE_MANUAL_READABILITY_CHECK.md	development documentation and QA screenshots; not required to run frozen software
docs/qa/V2_6_R283_EXPRESSION_VECTOR_MVP_CLOSURE_AUDIT_AND_REGRESSION_DECISION.md	development documentation and QA screenshots; not required to run frozen software
docs/qa/V2_6_R284_EXPRESSION_VECTOR_MVP_POST_CLOSURE_FULL_REGRESSION_AUDIT.md	development documentation and QA screenshots; not required to run frozen software
docs/qa/V2_6_R285_LEGACY_PATHWAY_PROJECT_WORDING_AND_TEST_ASSERTION_CLEANUP.md	development documentation and QA screenshots; not required to run frozen software
docs/qa/V2_6_R286_EXPRESSION_VECTOR_MVP_CLEAN_BASELINE_MILESTONE_CHECKPOINT.md	development documentation and QA screenshots; not required to run frozen software
docs/qa/V2_6_R287_PRIMARY_NAVIGATION_SIMPLIFICATION_FOR_EXPRESSION_VECTOR_MVP.md	development documentation and QA screenshots; not required to run frozen software
docs/qa/V2_6_R288_FIRST_TIME_USER_NAVIGATION_WALKTHROUGH_AFTER_SIMPLIFICATION.md	development documentation and QA screenshots; not required to run frozen software
docs/qa/V2_6_R289_COMPONENT_LIBRARY_EXISTING_CAPABILITY_AND_REUSE_AUDIT.md	development documentation and QA screenshots; not required to run frozen software
docs/qa/V2_6_R28_PROJECT_PACKAGE_MANIFEST_EXPORT_POLISH_CHECKPOINT.md	development documentation and QA screenshots; not required to run frozen software
docs/qa/V2_6_R290_COMPONENT_LIBRARY_SLOT_FIRST_BROWSE_READBACK_MVP.md	development documentation and QA screenshots; not required to run frozen software
docs/qa/V2_6_R291_COMPONENT_LIBRARY_SLOT_BROWSE_MANUAL_WALKTHROUGH_AND_READABILITY_AUDIT.md	development documentation and QA screenshots; not required to run frozen software
docs/qa/V2_6_R292_COMPONENT_LIBRARY_SLOT_BROWSE_COMPACT_DETAIL_POLISH.md	development documentation and QA screenshots; not required to run frozen software
docs/qa/V2_6_R293_COMPONENT_LIBRARY_COMPACT_DETAIL_SCREENSHOT_READABILITY_CLOSEOUT.md	development documentation and QA screenshots; not required to run frozen software
docs/qa/V2_6_R294_COMPONENT_LIBRARY_FIRST_TIME_USER_GLOSSARY_SLOT_TERMINOLOGY_AUDIT.md	development documentation and QA screenshots; not required to run frozen software
docs/qa/V2_6_R295_COMPONENT_LIBRARY_FIRST_TIME_GLOSSARY_MICROCOPY.md	development documentation and QA screenshots; not required to run frozen software
docs/qa/V2_6_R296_COMPONENT_LIBRARY_GLOSSARY_SCREENSHOT_MANUAL_READABILITY_QA.md	development documentation and QA screenshots; not required to run frozen software
docs/qa/V2_6_R297_COMPONENT_LIBRARY_SOURCE_PROVENANCE_FOLLOW_UP_WALKTHROUGH_QA.md	development documentation and QA screenshots; not required to run frozen software
docs/qa/V2_6_R298_COMPONENT_LIBRARY_REVIEW_QUEUE_SOURCE_HANDOFF_CLARITY_QA.md	development documentation and QA screenshots; not required to run frozen software
docs/qa/V2_6_R299_GLOBAL_GLOSSARY_ENCODING_READABILITY_CLEANUP.md	development documentation and QA screenshots; not required to run frozen software
docs/qa/V2_6_R29_PACKAGE_MANIFEST_IMPORT_VISIBILITY_CHECKPOINT.md	development documentation and QA screenshots; not required to run frozen software
docs/qa/V2_6_R29_WORKFLOW_CLARITY_REGRESSION_CHECKPOINT.md	development documentation and QA screenshots; not required to run frozen software
docs/qa/V2_6_R300_DOCUMENTATION_INDEX_README_POINTER_CLEANUP.md	development documentation and QA screenshots; not required to run frozen software
docs/qa/V2_6_R301_LEGACY_DEMO_STATUS_PATHWAY_FIRST_POINTER_CLEANUP.md	development documentation and QA screenshots; not required to run frozen software
docs/qa/V2_6_R302_REMAINING_ROADMAP_STATUS_CURRENT_WORKFLOW_WORDING_CLEANUP.md	development documentation and QA screenshots; not required to run frozen software
docs/qa/V2_6_R303_ORPHANED_EXPRESSION_VECTOR_AUDIT_FILE_DISPOSITION_QA.md	development documentation and QA screenshots; not required to run frozen software
docs/qa/V2_6_R304_COMPONENT_LIBRARY_TO_HANDOFF_REVIEW_READ_ONLY_REUSE_CONNECTION.md	development documentation and QA screenshots; not required to run frozen software
docs/qa/V2_6_R304_PRODUCT_DIRECTION_SOURCE_OF_TRUTH_AUDIT.md	development documentation and QA screenshots; not required to run frozen software
docs/qa/V2_6_R305_FULL_CODEBASE_REUSE_DISPOSITION_AUDIT.md	development documentation and QA screenshots; not required to run frozen software
docs/qa/V2_6_R306_PLANT_ONLY_PRODUCT_DIRECTION_REPOSITIONING_AUDIT_QA.md	development documentation and QA screenshots; not required to run frozen software
docs/qa/V2_6_R307_PLANT_PROJECT_TYPE_SELECTION_PAGE_QA.md	development documentation and QA screenshots; not required to run frozen software
docs/qa/V2_6_R308_PLANT_EXPRESSION_CONSTRUCT_FLOW_SKELETON_QA.md	development documentation and QA screenshots; not required to run frozen software
docs/qa/V2_6_R309_PLANT_COMPONENT_LIBRARY_CONTEXT_REFRAME_QA.md	development documentation and QA screenshots; not required to run frozen software
docs/qa/V2_6_R30_PACKAGE_REVIEW_TRAIL_POLISH_CHECKPOINT.md	development documentation and QA screenshots; not required to run frozen software
docs/qa/V2_6_R30_REGRESSION_SCOPE_RISK_AUDIT.md	development documentation and QA screenshots; not required to run frozen software
docs/qa/V2_6_R310_PLANT_DESIGN_REVIEW_PACKAGE_REPORT_SKELETON_QA.md	development documentation and QA screenshots; not required to run frozen software
docs/qa/V2_6_R311_RICE_ALBUMIN_PLANT_MOLECULAR_FARMING_WALKTHROUGH_QA.md	development documentation and QA screenshots; not required to run frozen software
docs/qa/V2_6_R312_RICE_ALBUMIN_SAVED_EXAMPLE_READBACK_FIXTURE_PLAN_QA.md	development documentation and QA screenshots; not required to run frozen software
docs/qa/V2_6_R313_READ_ONLY_RICE_ALBUMIN_EXAMPLE_FIXTURE_ADAPTER_QA.md	development documentation and QA screenshots; not required to run frozen software
docs/qa/V2_6_R314_EXAMPLE_PACKAGE_PREVIEW_READABILITY_QA.md	development documentation and QA screenshots; not required to run frozen software
docs/qa/V2_6_R315_PLANT_MVP_CLOSURE_CHECKLIST_AND_MANUAL_QA_SCRIPT.md	development documentation and QA screenshots; not required to run frozen software
docs/qa/V2_6_R316_PLANT_MVP_CLOSURE_MANUAL_QA_RESULT_REVIEW.md	development documentation and QA screenshots; not required to run frozen software
docs/qa/V2_6_R317_PLANT_DESIGN_REVIEW_USER_DATA_FLOW_SKELETON_QA.md	development documentation and QA screenshots; not required to run frozen software
docs/qa/V2_6_R318_PLANT_DESIGN_REVIEW_MARKDOWN_DRAFT_FROM_USER_CONTEXT_QA.md	development documentation and QA screenshots; not required to run frozen software
docs/qa/V2_6_R319_PLANT_REVIEW_SESSION_STATE_PRESERVATION_QA.md	development documentation and QA screenshots; not required to run frozen software
docs/qa/V2_6_R31_DEMO_READY_WORKFLOW_POLISH_CHECKPOINT.md	development documentation and QA screenshots; not required to run frozen software
docs/qa/V2_6_R31_REGRESSION_RUN_RESULTS.md	development documentation and QA screenshots; not required to run frozen software
docs/qa/V2_6_R320_PLANT_REVIEW_MARKDOWN_DRAFT_DOWNLOAD_QA.md	development documentation and QA screenshots; not required to run frozen software
docs/qa/V2_6_R322_REFERENCE_ONLY_PLANT_REVIEW_MARKDOWN_REOPEN_PREVIEW_QA.md	development documentation and QA screenshots; not required to run frozen software
docs/qa/V2_6_R324_EXISTING_CODEBASE_PRACTICAL_DIRECTION_AUDIT_QA.md	development documentation and QA screenshots; not required to run frozen software
docs/qa/V2_6_R325_PLANT_CANDIDATE_ROUTE_DECISION_MATRIX_QA.md	development documentation and QA screenshots; not required to run frozen software
docs/qa/V2_6_R325_PLANT_SYNBIO_GOAL_EVIDENCE_INTAKE_QA.md	development documentation and QA screenshots; not required to run frozen software
docs/qa/V2_6_R326_PLANT_LITERATURE_DISCOVERY_WORKFLOW_QA.md	development documentation and QA screenshots; not required to run frozen software
docs/qa/V2_6_R327_PLANT_EVIDENCE_CASE_CURATION_QA.md	development documentation and QA screenshots; not required to run frozen software
docs/qa/V2_6_R328_PLANT_EVIDENCE_GATED_ROUTE_GENERATOR_QA.md	development documentation and QA screenshots; not required to run frozen software
docs/qa/V2_6_R329_PLANT_ROUTE_CONSTRUCT_TASK_BRIDGE_QA.md	development documentation and QA screenshots; not required to run frozen software
docs/qa/V2_6_R32_DEMO_NARRATIVE_NAVIGATION_POLISH_CHECKPOINT.md	development documentation and QA screenshots; not required to run frozen software
docs/qa/V2_6_R32_STABILIZATION_CHECKPOINT.md	development documentation and QA screenshots; not required to run frozen software
docs/qa/V2_6_R330_PLANT_CONSTRUCT_TASK_DRAFT_BUILDER_QA.md	development documentation and QA screenshots; not required to run frozen software
docs/qa/V2_6_R331_PLANT_CONSTRUCT_DRAFT_READBACK_ADAPTER_QA.md	development documentation and QA screenshots; not required to run frozen software
docs/qa/V2_6_R332_PLANT_CONSTRUCT_DRAFT_READBACK_PREVIEW_ADAPTER_QA.md	development documentation and QA screenshots; not required to run frozen software
docs/qa/V2_6_R333_PLANT_CONSTRUCT_DRAFT_PREVIEW_PRESENTER_QA.md	development documentation and QA screenshots; not required to run frozen software
docs/qa/V2_6_R334_PLANT_CONSTRUCT_DRAFT_PREVIEW_READONLY_UI_QA.md	development documentation and QA screenshots; not required to run frozen software
docs/qa/V2_6_R335_PLANT_CONSTRUCT_DRAFT_PREVIEW_UI_MOUNT_QA.md	development documentation and QA screenshots; not required to run frozen software
docs/qa/V2_6_R336_PLANT_CONSTRUCT_DRAFT_PREVIEW_PAYLOAD_BRIDGE_QA.md	development documentation and QA screenshots; not required to run frozen software
docs/qa/V2_6_R337_PLANT_CONSTRUCT_DRAFT_PREVIEW_SOURCE_INDICATOR_QA.md	development documentation and QA screenshots; not required to run frozen software
docs/qa/V2_6_R338_PLANT_DESIGN_REVIEW_PACKAGE_LAYOUT_POLISH_QA.md	development documentation and QA screenshots; not required to run frozen software
docs/qa/V2_6_R339_PLANT_DESIGN_REVIEW_PACKAGE_MANUAL_SCREENSHOT_QA.md	development documentation and QA screenshots; not required to run frozen software
docs/qa/V2_6_R33_PLANT_PROMOTER_CATALOG_WORKSPACE_LINKING_CHECKPOINT.md	development documentation and QA screenshots; not required to run frozen software
docs/qa/V2_6_R340_QR_PAYLOAD_WRAPPING_READABILITY_POLISH_QA.md	development documentation and QA screenshots; not required to run frozen software
docs/qa/V2_6_R341_EXPRESSION_CONSTRUCT_WORKFLOW_ROUTER_SKELETON_QA.md	development documentation and QA screenshots; not required to run frozen software
docs/qa/V2_6_R342_EXPRESSION_CONSTRUCT_WORKFLOW_ROUTER_PRESENTER_QA.md	development documentation and QA screenshots; not required to run frozen software
docs/qa/V2_6_R343_EXPRESSION_CONSTRUCT_WORKFLOW_ROUTER_READONLY_UI_PREVIEW_QA.md	development documentation and QA screenshots; not required to run frozen software
docs/qa/V2_6_R344_EXPRESSION_CONSTRUCT_WORKFLOW_ROUTER_PREVIEW_MOUNT_QA.md	development documentation and QA screenshots; not required to run frozen software
docs/qa/V2_6_R345_EXPRESSION_CONSTRUCT_ROUTER_PREVIEW_MANUAL_SCREENSHOT_QA.md	development documentation and QA screenshots; not required to run frozen software
docs/qa/V2_6_R346_EXPRESSION_CONSTRUCT_ROUTER_PREVIEW_EMPTY_STATE_READABILITY_QA.md	development documentation and QA screenshots; not required to run frozen software
docs/qa/V2_6_R347_EXPRESSION_CONSTRUCT_REVIEW_DECISION_SUMMARY_SKELETON_QA.md	development documentation and QA screenshots; not required to run frozen software
docs/qa/V2_6_R348_EXPRESSION_CONSTRUCT_REVIEW_SUMMARY_REPORT_REUSE.md	development documentation and QA screenshots; not required to run frozen software
docs/qa/V2_6_R349_EXPRESSION_CONSTRUCT_REVIEW_ACTION_PANEL_SKELETON_QA.md	development documentation and QA screenshots; not required to run frozen software
docs/qa/V2_6_R34_PLANT_PROMOTER_CATALOG_SEED_DATA_CHECKPOINT.md	development documentation and QA screenshots; not required to run frozen software
docs/qa/V2_6_R350_COMPONENT_LIBRARY_DATABASE_ASSET_MODEL_REUSE_AUDIT.md	development documentation and QA screenshots; not required to run frozen software
docs/qa/V2_6_R351_EXPRESSION_CONSTRUCT_REVIEW_ACTION_PANEL_MANUAL_UI_QA.md	development documentation and QA screenshots; not required to run frozen software
docs/qa/V2_6_R352_COMPONENT_LIBRARY_DATABASE_MODEL_CONTRACT_AND_CROSSWALK_PLAN_QA.md	development documentation and QA screenshots; not required to run frozen software
docs/qa/V2_6_R353_COMPONENT_LIBRARY_CONTRACT_CROSSWALK_PRESENTER_SKELETON_QA.md	development documentation and QA screenshots; not required to run frozen software
docs/qa/V2_6_R354_EXPRESSION_CONSTRUCT_REVIEW_ACTION_PANEL_HANDOFF_REUSE_QA.md	development documentation and QA screenshots; not required to run frozen software
docs/qa/V2_6_R355_COMPONENT_LIBRARY_CONTRACT_CROSSWALK_UI_READBACK_PANEL_QA.md	development documentation and QA screenshots; not required to run frozen software
docs/qa/V2_6_R356_EXPRESSION_CONSTRUCT_REVIEW_ACTION_PANEL_HANDOFF_MANUAL_UI_QA.md	development documentation and QA screenshots; not required to run frozen software
docs/qa/V2_6_R357_COMPONENT_LIBRARY_CONTRACT_CROSSWALK_MANUAL_UI_QA.md	development documentation and QA screenshots; not required to run frozen software
docs/qa/V2_6_R358_EXPRESSION_CONSTRUCT_REVIEW_HANDOFF_ACTION_SUMMARY_CONSOLIDATION_QA.md	development documentation and QA screenshots; not required to run frozen software
docs/qa/V2_6_R359_COMPONENT_LIBRARY_SOURCE_PROVENANCE_FOLLOWUP_QUEUE_SKELETON_QA.md	development documentation and QA screenshots; not required to run frozen software
docs/qa/V2_6_R35_DEMO_NEXT_DEVELOPMENT_HANDOFF.md	development documentation and QA screenshots; not required to run frozen software
docs/qa/V2_6_R35_PERSISTENT_CATALOG_REFERENCE_LINKS_CHECKPOINT.md	development documentation and QA screenshots; not required to run frozen software
docs/qa/V2_6_R360_HANDOFF_QUALITY_DASHBOARD_BUILD_READINESS_COPY_GUARD_FIX_QA.md	development documentation and QA screenshots; not required to run frozen software
docs/qa/V2_6_R361_COMPONENT_LIBRARY_SOURCE_PROVENANCE_FOLLOWUP_QUEUE_MANUAL_UI_QA.md	development documentation and QA screenshots; not required to run frozen software
docs/qa/V2_6_R362_HANDOFF_QUALITY_DASHBOARD_COPY_GUARD_REGRESSION_CONFIRMATION_QA.md	development documentation and QA screenshots; not required to run frozen software
docs/qa/V2_6_R363_COMPONENT_LIBRARY_FOLLOWUP_QUEUE_REPORT_READBACK_REUSE_QA.md	development documentation and QA screenshots; not required to run frozen software
docs/qa/V2_6_R365_COMPONENT_LIBRARY_FOLLOWUP_QUEUE_REPORT_UI_MANUAL_QA.md	development documentation and QA screenshots; not required to run frozen software
docs/qa/V2_6_R366_PROJECT_OUTPUTS_BOUNDARY_COPY_ALIGNMENT_AUDIT.md	development documentation and QA screenshots; not required to run frozen software
docs/qa/V2_6_R367_PROJECT_OUTPUTS_BOUNDARY_COPY_NORMALIZATION_QA.md	development documentation and QA screenshots; not required to run frozen software
docs/qa/V2_6_R368_COMPONENT_LIBRARY_FOLLOWUP_SUMMARY_GROUPING_PANEL_QA.md	development documentation and QA screenshots; not required to run frozen software
docs/qa/V2_6_R369_COMPONENT_LIBRARY_FOLLOWUP_SUMMARY_GROUPING_PANEL_MANUAL_UI_QA.md	development documentation and QA screenshots; not required to run frozen software
docs/qa/V2_6_R36_CATALOG_REFERENCE_EXPORT_IMPORT_ROUND_TRIP_CHECKPOINT.md	development documentation and QA screenshots; not required to run frozen software
docs/qa/V2_6_R370_PROJECT_OUTPUTS_BOUNDARY_COPY_MANUAL_UI_QA.md	development documentation and QA screenshots; not required to run frozen software
docs/qa/V2_6_R371_PROJECT_OUTPUTS_UI_EVIDENCE_COVERAGE_AUDIT.md	development documentation and QA screenshots; not required to run frozen software
docs/qa/V2_6_R372_COMPONENT_LIBRARY_FOLLOWUP_SUMMARY_EMPTY_STATE_QA_FIXTURE_PLAN.md	development documentation and QA screenshots; not required to run frozen software
docs/qa/V2_6_R373_COMPONENT_LIBRARY_FOLLOWUP_FILTER_GROUP_CONTROLS_QA.md	development documentation and QA screenshots; not required to run frozen software
docs/qa/V2_6_R374_PROJECT_OUTPUTS_SECTION_NAVIGATION_READABILITY_HELPER.md	development documentation and QA screenshots; not required to run frozen software
docs/qa/V2_6_R375_COMPONENT_LIBRARY_FOLLOWUP_FILTER_CONTROLS_MANUAL_UI_QA.md	development documentation and QA screenshots; not required to run frozen software
docs/qa/V2_6_R376_PROJECT_OUTPUTS_SECTION_OVERVIEW_MANUAL_UI_QA.md	development documentation and QA screenshots; not required to run frozen software
docs/qa/V2_6_R377_PLANT_ONLY_DIRECTION_LOCK_AND_SCOPE_RESET_QA.md	development documentation and QA screenshots; not required to run frozen software
docs/qa/V2_6_R378_PLANT_SYNBIO_KNOWLEDGE_ARCHITECTURE_AUDIT_QA.md	development documentation and QA screenshots; not required to run frozen software
docs/qa/V2_6_R379_PLANT_REVIEW_MODULE_CARD_SCHEMA_FREEZE_QA.md	development documentation and QA screenshots; not required to run frozen software
docs/qa/V2_6_R37_EXPRESSION_WIZARD_CATALOG_PICKER_CHECKPOINT.md	development documentation and QA screenshots; not required to run frozen software
docs/qa/V2_6_R380_PLANT_REVIEW_MODULE_CARD_REGISTRY_SKELETON_QA.md	development documentation and QA screenshots; not required to run frozen software
docs/qa/V2_6_R381_PLANT_EXPRESSION_ROUTE_TEMPLATE_REGISTRY_QA.md	development documentation and QA screenshots; not required to run frozen software
docs/qa/V2_6_R382_PLANT_USER_INTENT_ROUTE_DRAFT_BUILDER_QA.md	development documentation and QA screenshots; not required to run frozen software
docs/qa/V2_6_R383_PLANT_ROUTE_DRAFT_PRESENTER_QA.md	development documentation and QA screenshots; not required to run frozen software
docs/qa/V2_6_R384_PLANT_COMPONENT_CANDIDATE_MATCH_READBACK_QA.md	development documentation and QA screenshots; not required to run frozen software
docs/qa/V2_6_R385_PLANT_ROUTE_GAP_MANUAL_REVIEW_QUEUE_QA.md	development documentation and QA screenshots; not required to run frozen software
docs/qa/V2_6_R386_PLANT_DESIGN_REVIEW_PACKAGE_SNAPSHOT_QA.md	development documentation and QA screenshots; not required to run frozen software
docs/qa/V2_6_R387_PLANT_DESIGN_REVIEW_PACKAGE_MARKDOWN_READBACK_QA.md	development documentation and QA screenshots; not required to run frozen software
docs/qa/V2_6_R388_PLANT_CASE_WALKTHROUGH_PLANNING_QA.md	development documentation and QA screenshots; not required to run frozen software
docs/qa/V2_6_R389_PLANT_WALKTHROUGH_FIXTURE_LIBRARY_QA.md	development documentation and QA screenshots; not required to run frozen software
docs/qa/V2_6_R38_EXPRESSION_WIZARD_CATALOG_TRACEABILITY_CHECKPOINT.md	development documentation and QA screenshots; not required to run frozen software
docs/qa/V2_6_R390_PLANT_WALKTHROUGH_CHAIN_RUNNER_QA.md	development documentation and QA screenshots; not required to run frozen software
docs/qa/V2_6_R391_PLANT_WALKTHROUGH_VALIDATION_SUMMARY_QA.md	development documentation and QA screenshots; not required to run frozen software
docs/qa/V2_6_R392_PLANT_WALKTHROUGH_MARKDOWN_QA_REPORT_QA.md	development documentation and QA screenshots; not required to run frozen software
docs/qa/V2_6_R393_PLANT_WALKTHROUGH_SNAPSHOT_FIXTURE_QA.md	development documentation and QA screenshots; not required to run frozen software
docs/qa/V2_6_R394_PLANT_ROUTE_REVIEW_CHAIN_CHECKPOINT_QA.md	development documentation and QA screenshots; not required to run frozen software
docs/qa/V2_6_R395_PLANT_DESIGN_WORKSPACE_READONLY_UI_SHELL_QA.md	development documentation and QA screenshots; not required to run frozen software
docs/qa/V2_6_R396_PLANT_DESIGN_WORKSPACE_MANUAL_UI_QA.md	development documentation and QA screenshots; not required to run frozen software
docs/qa/V2_6_R397_PLANT_DESIGN_WORKSPACE_READABILITY_POLISH_QA.md	development documentation and QA screenshots; not required to run frozen software
docs/qa/V2_6_R398_R397_PLANT_DESIGN_WORKSPACE_READABILITY_BROWSER_QA.md	development documentation and QA screenshots; not required to run frozen software
docs/qa/V2_6_R399_PLANT_ONLY_DIRECTION_LOCK_QA.md	development documentation and QA screenshots; not required to run frozen software
docs/qa/V2_6_R39A_SIDEBAR_COMPACT_NAVIGATION_CLEANUP.md	development documentation and QA screenshots; not required to run frozen software
docs/qa/V2_6_R39_CATALOG_REFERENCE_SNAPSHOT_PINNING_CHECKPOINT.md	development documentation and QA screenshots; not required to run frozen software
docs/qa/V2_6_R400_PLANT_REVIEW_MODULE_CARD_SCHEMA_FREEZE_QA.md	development documentation and QA screenshots; not required to run frozen software
docs/qa/V2_6_R401_PLANT_REVIEW_MODULE_CARD_REGISTRY_SKELETON_QA.md	development documentation and QA screenshots; not required to run frozen software
docs/qa/V2_6_R402_PLANT_EXPRESSION_ROUTE_TEMPLATE_ARCHITECTURE_QA.md	development documentation and QA screenshots; not required to run frozen software
docs/qa/V2_6_R403_PLANT_COMPONENT_KNOWLEDGE_BASE_SEED_ARCHITECTURE_QA.md	development documentation and QA screenshots; not required to run frozen software
docs/qa/V2_6_R405_PLANT_CONSTRUCT_SLOT_PLAN_ARCHITECTURE_QA.md	development documentation and QA screenshots; not required to run frozen software
docs/qa/V2_6_R406_PLANT_EVIDENCE_GAP_PACKAGE_FLOW_ARCHITECTURE_QA.md	development documentation and QA screenshots; not required to run frozen software
docs/qa/V2_6_R407_FULL_PLANT_REVIEW_FRAMEWORK_INTEGRATION_MAP_QA.md	development documentation and QA screenshots; not required to run frozen software
docs/qa/V2_6_R408_PLANT_REVIEW_NAMING_ROUTE_ID_COMPATIBILITY_AUDIT.md	development documentation and QA screenshots; not required to run frozen software
docs/qa/V2_6_R409_PLANT_ROUTE_TEMPLATE_COMPATIBILITY_READBACK_HELPER_QA.md	development documentation and QA screenshots; not required to run frozen software
docs/qa/V2_6_R40_PROJECT_CATALOG_REFERENCE_OVERVIEW_CHECKPOINT.md	development documentation and QA screenshots; not required to run frozen software
docs/qa/V2_6_R410_PLANT_CONSTRUCT_SLOT_PLAN_READBACK_BUILDER_QA.md	development documentation and QA screenshots; not required to run frozen software
docs/qa/V2_6_R411_PLANT_CONSTRUCT_SLOT_PLAN_PRESENTER_QA.md	development documentation and QA screenshots; not required to run frozen software
docs/qa/V2_6_R412_PLANT_DESIGN_WORKSPACE_SLOT_PLAN_PRESENTER_MOUNT_QA.md	development documentation and QA screenshots; not required to run frozen software
docs/qa/V2_6_R413_R407_SLOT_PLAN_STATUS_ALIGNMENT_QA.md	development documentation and QA screenshots; not required to run frozen software
docs/qa/V2_6_R414_PLANT_EVIDENCE_PACKAGE_FLOW_READBACK_QA.md	development documentation and QA screenshots; not required to run frozen software
docs/qa/V2_6_R415_PLANT_EVIDENCE_PACKAGE_FLOW_PRESENTER_QA.md	development documentation and QA screenshots; not required to run frozen software
docs/qa/V2_6_R416_PLANT_DESIGN_WORKSPACE_EVIDENCE_PACKAGE_FLOW_MOUNT_QA.md	development documentation and QA screenshots; not required to run frozen software
docs/qa/V2_6_R417_R407_EVIDENCE_FLOW_STATUS_ALIGNMENT_QA.md	development documentation and QA screenshots; not required to run frozen software
docs/qa/V2_6_R418_PLANT_REVIEW_FRAMEWORK_SUMMARY_QA.md	development documentation and QA screenshots; not required to run frozen software
docs/qa/V2_6_R419_PLANT_DESIGN_WORKSPACE_FRAMEWORK_SUMMARY_MOUNT_QA.md	development documentation and QA screenshots; not required to run frozen software
docs/qa/V2_6_R41_PATHWAY_WORKSPACE_UI_STRUCTURE_CLEANUP.md	development documentation and QA screenshots; not required to run frozen software
docs/qa/V2_6_R420_PLANT_REVIEW_CHAIN_CONSOLIDATED_REGRESSION_QA.md	development documentation and QA screenshots; not required to run frozen software
docs/qa/V2_6_R421_DOCUMENTATION_INDEX_PLANT_REVIEW_CHAIN_POINTER_QA.md	development documentation and QA screenshots; not required to run frozen software
docs/qa/V2_6_R422_PLANT_REVIEW_CHAIN_AUTONOMOUS_BATCH_CLOSEOUT_QA.md	development documentation and QA screenshots; not required to run frozen software
docs/qa/V2_6_R423_PLANT_ROUTE_TEMPLATE_PRESENTER_QA.md	development documentation and QA screenshots; not required to run frozen software
docs/qa/V2_6_R424_PLANT_DESIGN_WORKSPACE_ROUTE_TEMPLATE_MOUNT_QA.md	development documentation and QA screenshots; not required to run frozen software
docs/qa/V2_6_R425_R407_ROUTE_TEMPLATE_STATUS_ALIGNMENT_QA.md	development documentation and QA screenshots; not required to run frozen software
docs/qa/V2_6_R426_PLANT_REVIEW_MODULE_CARD_PRESENTER_QA.md	development documentation and QA screenshots; not required to run frozen software
docs/qa/V2_6_R427_PLANT_DESIGN_WORKSPACE_MODULE_CARD_MOUNT_QA.md	development documentation and QA screenshots; not required to run frozen software
docs/qa/V2_6_R428_R407_MODULE_CARD_STATUS_ALIGNMENT_QA.md	development documentation and QA screenshots; not required to run frozen software
docs/qa/V2_6_R429_PLANT_REVIEW_CHAIN_CONSOLIDATED_PRESENTER_MOUNT_REGRESSION_QA.md	development documentation and QA screenshots; not required to run frozen software
docs/qa/V2_6_R42_EXPRESSION_WIZARD_UI_FLOW_CLEANUP.md	development documentation and QA screenshots; not required to run frozen software
docs/qa/V2_6_R430_FULL_REGRESSION_COPY_SCAN_AND_PROJECT_REVIEW_FIX_QA.md	development documentation and QA screenshots; not required to run frozen software
docs/qa/V2_6_R43B_LOCAL_CATALOG_COUNT_SCOPE_CLARITY.md	development documentation and QA screenshots; not required to run frozen software
docs/qa/V2_6_R43_LOCAL_BIOLOGICAL_CATALOG_VISIBILITY.md	development documentation and QA screenshots; not required to run frozen software
docs/qa/V2_6_R44_CATALOG_REFERENCE_BRIDGE_TO_WORKFLOW.md	development documentation and QA screenshots; not required to run frozen software
docs/qa/V2_6_R45_CATALOG_REFERENCE_BASKET_PROJECT_LINK_FLOW.md	development documentation and QA screenshots; not required to run frozen software
docs/qa/V2_6_R46_CATALOG_REFERENCE_BASKET_LIFECYCLE_HARDENING.md	development documentation and QA screenshots; not required to run frozen software
docs/qa/V2_6_R47_LINKED_CATALOG_REFERENCE_OUTPUT_CONSISTENCY.md	development documentation and QA screenshots; not required to run frozen software
docs/qa/V2_6_R48_LINKED_CATALOG_REFERENCE_PACKAGE_ROUND_TRIP.md	development documentation and QA screenshots; not required to run frozen software
docs/qa/V2_6_R49_LINKED_CATALOG_REFERENCE_IMPORT_PREVIEW_INTEGRITY.md	development documentation and QA screenshots; not required to run frozen software
docs/qa/V2_6_R4A_DEMO_WORKFLOW_NAVIGATION_CLARITY.md	development documentation and QA screenshots; not required to run frozen software
docs/qa/V2_6_R50_CATALOG_REFERENCE_WORKFLOW_INTEGRATION_QA.md	development documentation and QA screenshots; not required to run frozen software
docs/qa/V2_6_R53A_PLANT_PROMOTER_CURATED_SOURCE_INTAKE_BATCH_1.md	development documentation and QA screenshots; not required to run frozen software
docs/qa/V2_6_R54C_NCBI_GENBANK_CANDIDATE_LOOKUP_SPIKE.md	development documentation and QA screenshots; not required to run frozen software
docs/qa/V2_6_R54D_EXTERNAL_SOURCE_CANDIDATE_NORMALIZER_QA.md	development documentation and QA screenshots; not required to run frozen software
docs/qa/V2_6_R54E_EXTERNAL_SOURCE_CANDIDATE_REVIEW_PRESENTER_QA.md	development documentation and QA screenshots; not required to run frozen software
docs/qa/V2_6_R54F_EXTERNAL_SOURCE_CANDIDATE_REVIEW_INTEGRATION_QA.md	development documentation and QA screenshots; not required to run frozen software
docs/qa/V2_6_R54G_EXTERNAL_SOURCE_CANDIDATE_MANUAL_REVIEW_HANDOFF.md	development documentation and QA screenshots; not required to run frozen software
docs/qa/V2_6_R54H_EXTERNAL_SOURCE_CANDIDATE_REVIEW_NAVIGATION_INDEX.md	development documentation and QA screenshots; not required to run frozen software
docs/qa/V2_6_R5_DEMO_READY_QA_CHECKPOINT.md	development documentation and QA screenshots; not required to run frozen software
docs/qa/V2_6_R63_CURRENT_CODEBASE_DEMO_READINESS_AUDIT.md	development documentation and QA screenshots; not required to run frozen software
docs/qa/V2_6_R66_PLANT_KNOWLEDGE_BASE_GAP_AUDIT.md	development documentation and QA screenshots; not required to run frozen software
docs/qa/V2_6_R71_KNOWLEDGE_BASE_READBACK_REGRESSION_CHECKPOINT.md	development documentation and QA screenshots; not required to run frozen software
docs/qa/V2_6_R73_EXPRESSION_WIZARD_DOCUMENTATION_SAFE_CONTEXT_AUDIT.md	development documentation and QA screenshots; not required to run frozen software
docs/qa/V2_6_R74_STEP6_CATALOG_CONTEXT_READBACK_POLISH.md	development documentation and QA screenshots; not required to run frozen software
docs/qa/V2_6_R75_OPTIMIZATION_TRUTHFULNESS_AND_HISTORICAL_BUG_AUDIT.md	development documentation and QA screenshots; not required to run frozen software
docs/qa/V2_6_R78_WIZARD_REGRESSION_WINDOWS_TEMP_SQLITE_AUDIT.md	development documentation and QA screenshots; not required to run frozen software
docs/qa/V2_6_R79_SQLITE_TEMPFILE_USAGE_AUDIT.md	development documentation and QA screenshots; not required to run frozen software
docs/qa/V2_6_R7_CATALOG_LINKAGE_REPORT_QA_CHECKPOINT.md	development documentation and QA screenshots; not required to run frozen software
docs/qa/V2_6_R80_SAVED_DESIGN_SQLITE_TEMP_PATH_REPRODUCTION_AUDIT.md	development documentation and QA screenshots; not required to run frozen software
docs/qa/V2_6_R81_STARTUP_REPOSITORY_SQLITE_TEMP_PATH_REPRODUCTION_AUDIT.md	development documentation and QA screenshots; not required to run frozen software
docs/qa/V2_6_R82_IMPORT_EXPORT_PACKAGE_SQLITE_TEMP_PATH_REPRODUCTION_AUDIT.md	development documentation and QA screenshots; not required to run frozen software
docs/qa/V2_6_R83_REMAINING_SQLITE_TEMP_PATH_CLOSURE_AUDIT.md	development documentation and QA screenshots; not required to run frozen software
docs/qa/V2_6_R84_STEP4_CODON_OPTIMIZATION_TRUTHFULNESS_AUDIT.md	development documentation and QA screenshots; not required to run frozen software
docs/qa/V2_6_R86_CODON_PREVIEW_BOUNDARY_CLOSURE_AUDIT.md	development documentation and QA screenshots; not required to run frozen software
docs/qa/V2_6_R87_MONDAY_DEMO_STABILITY_TRUTHFULNESS_FINAL_AUDIT.md	development documentation and QA screenshots; not required to run frozen software
docs/qa/V2_6_R89_PLANT_PROMOTER_FOCUSED_TEST_TEMP_ISOLATION_AUDIT.md	development documentation and QA screenshots; not required to run frozen software
docs/qa/V2_6_R8_REPOSITORY_PRODUCT_CLEANUP_AUDIT.md	development documentation and QA screenshots; not required to run frozen software
docs/qa/V2_6_R93_OVERNIGHT_FULL_REGRESSION_AND_DEVELOPMENT_READINESS_AUDIT.md	development documentation and QA screenshots; not required to run frozen software
docs/qa/V2_6_R97_APPROVED_QUIET_FULL_REGRESSION_AND_DEMO_READINESS_CLOSEOUT.md	development documentation and QA screenshots; not required to run frozen software
docs/qa/V2_6_R9_CLEANUP_EXECUTION_PLAN.md	development documentation and QA screenshots; not required to run frozen software
docs/qa/V2_6_UI_LAYOUT_CONSISTENCY_POLISH_QA.md	development documentation and QA screenshots; not required to run frozen software
docs/qa/V2_7_MVP9_DUAL_TRANSCRIPTION_UNIT_RUNTIME_QA.md	development documentation and QA screenshots; not required to run frozen software
docs/qa/V2_7_POST_R223_REPOSITORY_WIDE_PRODUCT_READINESS_AUDIT.md	development documentation and QA screenshots; not required to run frozen software
docs/qa/V2_7_R100_AI_INTAKE_MOCK_PARSER_RICE_ALBUMIN_QA.md	development documentation and QA screenshots; not required to run frozen software
docs/qa/V2_7_R101_RICE_ALBUMIN_AI_GUIDED_DOMAIN_CHAIN_QA.md	development documentation and QA screenshots; not required to run frozen software
docs/qa/V2_7_R102_COMPANY_HANDOFF_DRAFT_ASSEMBLER_QA.md	development documentation and QA screenshots; not required to run frozen software
docs/qa/V2_7_R103_RICE_ALBUMIN_HANDOFF_DRAFT_OUTPUT_SNAPSHOT_QA.md	development documentation and QA screenshots; not required to run frozen software
docs/qa/V2_7_R104_RICE_ALBUMIN_HANDOFF_DRAFT_READONLY_UI_PREVIEW_QA.md	development documentation and QA screenshots; not required to run frozen software
docs/qa/V2_7_R105_RICE_ALBUMIN_HANDOFF_PREVIEW_MANUAL_SCREENSHOT_QA.md	development documentation and QA screenshots; not required to run frozen software
docs/qa/V2_7_R106_RICE_ALBUMIN_HANDOFF_PREVIEW_RELEASE_READINESS_CHECKPOINT.md	development documentation and QA screenshots; not required to run frozen software
docs/qa/V2_7_R107_AI_HANDOFF_PREVIEW_READABILITY_POLISH_QA.md	development documentation and QA screenshots; not required to run frozen software
docs/qa/V2_7_R108_USER_INPUT_MOCK_PREVIEW_QA.md	development documentation and QA screenshots; not required to run frozen software
docs/qa/V2_7_R109_USER_INPUT_MOCK_PREVIEW_SNAPSHOT_QA.md	development documentation and QA screenshots; not required to run frozen software
docs/qa/V2_7_R10_TRACEABILITY_BOUNDARY_AUDIT.md	development documentation and QA screenshots; not required to run frozen software
docs/qa/V2_7_R110_USER_INPUT_MOCK_PREVIEW_MANUAL_UI_QA.md	development documentation and QA screenshots; not required to run frozen software
docs/qa/V2_7_R111_PLANT_AI_GUIDED_MOCK_PREVIEW_CODE_ARCHITECTURE_AUDIT.md	development documentation and QA screenshots; not required to run frozen software
docs/qa/V2_7_R112_PLANT_AI_MOCK_PREVIEW_CONTRACT_HARDENING_QA.md	development documentation and QA screenshots; not required to run frozen software
docs/qa/V2_7_R113_PLANT_WORKSPACE_PREVIEW_ROW_BUILDER_REUSE.md	development documentation and QA screenshots; not required to run frozen software
docs/qa/V2_7_R114_PLANT_AI_MOCK_PREVIEW_CLOSED_LOOP_MANUAL_QA.md	development documentation and QA screenshots; not required to run frozen software
docs/qa/V2_7_R115_PLANT_AI_MOCK_PREVIEW_CHAIN_CLOSURE_CHECKPOINT.md	development documentation and QA screenshots; not required to run frozen software
docs/qa/V2_7_R116_PLANT_DESIGN_WORKSPACE_READONLY_SURFACE_CLOSURE_AUDIT.md	development documentation and QA screenshots; not required to run frozen software
docs/qa/V2_7_R118_PLANT_EVIDENCE_REVIEW_WORKSHEET_PRESENTER_QA.md	development documentation and QA screenshots; not required to run frozen software
docs/qa/V2_7_R119_PLANT_EVIDENCE_REVIEW_WORKSHEET_READONLY_MOUNT_QA.md	development documentation and QA screenshots; not required to run frozen software
docs/qa/V2_7_R11_PROJECT_OUTPUTS_DETAIL_TABLE_STATE.md	development documentation and QA screenshots; not required to run frozen software
docs/qa/V2_7_R120_PLANT_EVIDENCE_REVIEW_WORKSHEET_MANUAL_UI_QA.md	development documentation and QA screenshots; not required to run frozen software
docs/qa/V2_7_R121_PLANT_EVIDENCE_REVIEW_WORKSHEET_SUMMARY_ROLLUP_QA.md	development documentation and QA screenshots; not required to run frozen software
docs/qa/V2_7_R122_PLANT_EVIDENCE_FOLLOWUP_QUEUE_QA.md	development documentation and QA screenshots; not required to run frozen software
docs/qa/V2_7_R123_POST_R122_CLEAN_TREE_FULL_REGRESSION_BOUNDARY_VERIFICATION.md	development documentation and QA screenshots; not required to run frozen software
docs/qa/V2_7_R124_EVIDENCE_FOLLOWUP_QUEUE_READONLY_FILTER_GROUP_CONTROLS.md	development documentation and QA screenshots; not required to run frozen software
docs/qa/V2_7_R125_EVIDENCE_WORKSHEET_HANDOFF_READBACK_REUSE.md	development documentation and QA screenshots; not required to run frozen software
docs/qa/V2_7_R126_EVIDENCE_WORKSHEET_HANDOFF_READBACK_MANUAL_UI_QA.md	development documentation and QA screenshots; not required to run frozen software
docs/qa/V2_7_R127_PLANT_EVIDENCE_WORKSHEET_END_TO_END_WORKFLOW_QA.md	development documentation and QA screenshots; not required to run frozen software
docs/qa/V2_7_R128_ROUTE_TO_CONSTRUCT_TRACEABILITY_READBACK.md	development documentation and QA screenshots; not required to run frozen software
docs/qa/V2_7_R129_ROUTE_TO_CONSTRUCT_TRACEABILITY_READONLY_MOUNT.md	development documentation and QA screenshots; not required to run frozen software
docs/qa/V2_7_R12_PROJECT_OUTPUTS_BOUNDARY_GUARD.md	development documentation and QA screenshots; not required to run frozen software
docs/qa/V2_7_R130_EXISTING_PLANT_DATA_INVENTORY_AND_SEED_GAP_MAP.md	development documentation and QA screenshots; not required to run frozen software
docs/qa/V2_7_R131_RICE_ALBUMIN_MINIMAL_SEED_RECORDS_CONVERSION.md	development documentation and QA screenshots; not required to run frozen software
docs/qa/V2_7_R132_PLANT_EVIDENCE_SEED_INTAKE_LOADER_QA.md	development documentation and QA screenshots; not required to run frozen software
docs/qa/V2_7_R133_RICE_ALBUMIN_SEED_TO_REVIEW_WORKFLOW_WIRING_QA.md	development documentation and QA screenshots; not required to run frozen software
docs/qa/V2_7_R134_RICE_ALBUMIN_SEED_REVIEW_VISIBLE_MOUNT_QA.md	development documentation and QA screenshots; not required to run frozen software
docs/qa/V2_7_R135_RICE_ALBUMIN_SEED_REVIEW_LIVE_UI_QA.md	development documentation and QA screenshots; not required to run frozen software
docs/qa/V2_7_R136_RICE_ALBUMIN_SEED_REVIEW_OPERATOR_PATH_QA.md	development documentation and QA screenshots; not required to run frozen software
docs/qa/V2_7_R137_RICE_ALBUMIN_SEED_REVIEW_MVP_CHECKPOINT.md	development documentation and QA screenshots; not required to run frozen software
docs/qa/V2_7_R138_GENERIC_PLANT_SEED_REVIEW_WORKFLOW_DISPATCHER_QA.md	development documentation and QA screenshots; not required to run frozen software
docs/qa/V2_7_R139_PLANT_SEED_REVIEW_DISPATCHER_EXTENSION_READINESS_QA.md	development documentation and QA screenshots; not required to run frozen software
docs/qa/V2_7_R13_PROJECT_OUTPUTS_DETAIL_TABLE_WIDTH_GUARD.md	development documentation and QA screenshots; not required to run frozen software
docs/qa/V2_7_R140_ARTEMISIA_ANNUA_SECOND_DATASET_CONVERSION_GATE.md	development documentation and QA screenshots; not required to run frozen software
docs/qa/V2_7_R141_PLANT_SEED_DATASET_GATE_REGISTRY_BLOCKED_READBACK_QA.md	development documentation and QA screenshots; not required to run frozen software
docs/qa/V2_7_R142_PLANT_SEED_REVIEW_ARCHITECTURE_CHECKPOINT.md	development documentation and QA screenshots; not required to run frozen software
docs/qa/V2_7_R143_RICE_ALBUMIN_MANUAL_PROVENANCE_VERIFICATION_WORKFLOW_QA.md	development documentation and QA screenshots; not required to run frozen software
docs/qa/V2_7_R144_RICE_ALBUMIN_PROVENANCE_VERIFICATION_READONLY_UI_MOUNT_QA.md	development documentation and QA screenshots; not required to run frozen software
docs/qa/V2_7_R145_RICE_ALBUMIN_PROVENANCE_VERIFICATION_LIVE_UI_QA.md	development documentation and QA screenshots; not required to run frozen software
docs/qa/V2_7_R146_RICE_ALBUMIN_MANUAL_PROVENANCE_VERIFICATION_QUEUE_QA.md	development documentation and QA screenshots; not required to run frozen software
docs/qa/V2_7_R147_RICE_ALBUMIN_PROVENANCE_QUEUE_READONLY_UI_MOUNT_QA.md	development documentation and QA screenshots; not required to run frozen software
docs/qa/V2_7_R148_RICE_ALBUMIN_PROVENANCE_QUEUE_LIVE_UI_QA_READABILITY_POLISH.md	development documentation and QA screenshots; not required to run frozen software
docs/qa/V2_7_R149_PLANT_REVIEW_UI_READABILITY_INVENTORY.md	development documentation and QA screenshots; not required to run frozen software
docs/qa/V2_7_R14_PROJECT_OUTPUTS_NEXT_CUT_AUDIT.md	development documentation and QA screenshots; not required to run frozen software
docs/qa/V2_7_R150_PLANT_REVIEW_TARGETED_READABILITY_POLISH_QA.md	development documentation and QA screenshots; not required to run frozen software
docs/qa/V2_7_R151_PLANT_REVIEW_TASK_QUEUE_GENERALIZATION_QA.md	development documentation and QA screenshots; not required to run frozen software
docs/qa/V2_7_R152_PLANT_REVIEW_TASK_QUEUE_SOURCE_REGISTRY_QA.md	development documentation and QA screenshots; not required to run frozen software
docs/qa/V2_7_R153_PLANT_REVIEW_TASK_QUEUE_SNAPSHOT_READBACK_QA.md	development documentation and QA screenshots; not required to run frozen software
docs/qa/V2_7_R154_PLANT_REVIEW_TASK_QUEUE_STABILITY_CHECKPOINT.md	development documentation and QA screenshots; not required to run frozen software
docs/qa/V2_7_R155_PLANT_REVIEW_MANUAL_VERIFICATION_STATUS_MODEL_QA.md	development documentation and QA screenshots; not required to run frozen software
docs/qa/V2_7_R156_PLANT_REVIEW_MANUAL_VERIFICATION_STATUS_SNAPSHOT_READBACK_QA.md	development documentation and QA screenshots; not required to run frozen software
docs/qa/V2_7_R157_PLANT_REVIEW_MANUAL_VERIFICATION_TRANSITION_GUARD_QA.md	development documentation and QA screenshots; not required to run frozen software
docs/qa/V2_7_R158_PLANT_REVIEW_MANUAL_VERIFICATION_PROMOTION_GATE_READBACK_QA.md	development documentation and QA screenshots; not required to run frozen software
docs/qa/V2_7_R159_PLANT_REVIEW_MANUAL_VERIFICATION_CONSISTENCY_AUDIT_QA.md	development documentation and QA screenshots; not required to run frozen software
docs/qa/V2_7_R15_PROJECT_OUTPUTS_SECTION_EXTRACTION_FEASIBILITY_AUDIT.md	development documentation and QA screenshots; not required to run frozen software
docs/qa/V2_7_R160_PLANT_REVIEW_MANUAL_VERIFICATION_ARCHITECTURE_STABILITY_CHECKPOINT.md	development documentation and QA screenshots; not required to run frozen software
docs/qa/V2_7_R161_PLANT_WORKFLOW_CHAIN_MAP_GAP_AUDIT.md	development documentation and QA screenshots; not required to run frozen software
docs/qa/V2_7_R162_RICE_ALBUMIN_OPERATOR_CHAIN_CONTINUITY_READBACK_QA.md	development documentation and QA screenshots; not required to run frozen software
docs/qa/V2_7_R163_PLANT_GOAL_REVIEW_PACKAGE_MVP_QA.md	development documentation and QA screenshots; not required to run frozen software
docs/qa/V2_7_R164_CODEX_DEVELOPMENT_GUARDRAILS_QA.md	development documentation and QA screenshots; not required to run frozen software
docs/qa/V2_7_R165_PLANT_GOAL_REVIEW_PACKAGE_DRAFT_VISIBLE_MVP_QA.md	development documentation and QA screenshots; not required to run frozen software
docs/qa/V2_7_R166_SIMPLE_PLANT_DESIGN_WIZARD_CODE_ARCHITECTURE_AUDIT.md	development documentation and QA screenshots; not required to run frozen software
docs/qa/V2_7_R167_SIMPLE_PLANT_WIZARD_ROUTE_SCHEMA_QA.md	development documentation and QA screenshots; not required to run frozen software
docs/qa/V2_7_R168_SIMPLE_PLANT_WIZARD_INTENT_INTAKE_PRESENTER_QA.md	development documentation and QA screenshots; not required to run frozen software
docs/qa/V2_7_R169_SIMPLE_PLANT_WIZARD_HOMEPAGE_ROUTE_CARDS_QA.md	development documentation and QA screenshots; not required to run frozen software
docs/qa/V2_7_R16_PROJECT_OUTPUTS_SECTION_SHELL_EXTRACTION.md	development documentation and QA screenshots; not required to run frozen software
docs/qa/V2_7_R170_SIMPLE_PLANT_WIZARD_ROUTE_CONFIRMATION_CARD_QA.md	development documentation and QA screenshots; not required to run frozen software
docs/qa/V2_7_R171_R173_SIMPLE_PLANT_WIZARD_ROUTE_CHECKLIST_GAP_SUMMARY_QA.md	development documentation and QA screenshots; not required to run frozen software
docs/qa/V2_7_R174_SIMPLE_PLANT_WIZARD_PACKAGE_DRAFT_ENTRY_ALIGNMENT_QA.md	development documentation and QA screenshots; not required to run frozen software
docs/qa/V2_7_R175_SIMPLE_PLANT_WIZARD_INTAKE_FORM_MOCK_QA.md	development documentation and QA screenshots; not required to run frozen software
docs/qa/V2_7_R176_SIMPLE_PLANT_WIZARD_BEGINNER_VIEW_SIMPLIFICATION_QA.md	development documentation and QA screenshots; not required to run frozen software
docs/qa/V2_7_R177_SIMPLE_PLANT_WIZARD_BEGINNER_MODE_HARD_GATE_QA.md	development documentation and QA screenshots; not required to run frozen software
docs/qa/V2_7_R178_UI_SURFACE_FREEZE_AND_BEGINNER_NAVIGATION_QA.md	development documentation and QA screenshots; not required to run frozen software
docs/qa/V2_7_R179_SIMPLE_PLANT_WIZARD_START_REVIEW_LANDING_ALIGNMENT_QA.md	development documentation and QA screenshots; not required to run frozen software
docs/qa/V2_7_R17_PROJECT_OUTPUTS_CALLBACK_MIGRATION_AUDIT.md	development documentation and QA screenshots; not required to run frozen software
docs/qa/V2_7_R180_SIMPLE_PLANT_WIZARD_SINGLE_STEP_INTERACTIVE_UI_QA.md	development documentation and QA screenshots; not required to run frozen software
docs/qa/V2_7_R181_SIMPLE_PLANT_WIZARD_PRODUCT_LANDING_LAYOUT_POLISH_QA.md	development documentation and QA screenshots; not required to run frozen software
docs/qa/V2_7_R182_SIMPLE_PLANT_WIZARD_MINIMAL_LANDING_RESULT_ACCURACY_QA.md	development documentation and QA screenshots; not required to run frozen software
docs/qa/V2_7_R182_SIMPLE_PLANT_WIZARD_RESULT_ACCURACY_STATE_FIX_QA.md	development documentation and QA screenshots; not required to run frozen software
docs/qa/V2_7_R183_EXISTING_DATA_GOVERNANCE_RULES_AUDIT_AND_OPTIMIZATION_PLAN.md	development documentation and QA screenshots; not required to run frozen software
docs/qa/V2_7_R184_BEGINNER_UI_CHINESE_LOCALIZATION_DEFAULT_STATE_FIX_QA.md	development documentation and QA screenshots; not required to run frozen software
docs/qa/V2_7_R185_SIMPLE_PLANT_WIZARD_RESULT_CARD_VISUAL_RHYTHM_POLISH_QA.md	development documentation and QA screenshots; not required to run frozen software
docs/qa/V2_7_R186_SIMPLE_PLANT_WIZARD_MANUAL_UI_SCREENSHOT_QA.md	development documentation and QA screenshots; not required to run frozen software
docs/qa/V2_7_R187_REAL_SEED_DATA_SCHEMA_AUDIT.md	development documentation and QA screenshots; not required to run frozen software
docs/qa/V2_7_R188_MINIMAL_REAL_SEED_DATA_TEMPLATE_QA.md	development documentation and QA screenshots; not required to run frozen software
docs/qa/V2_7_R189_REAL_DATA_ADMISSION_GATE_SKELETON_QA.md	development documentation and QA screenshots; not required to run frozen software
docs/qa/V2_7_R18_PROJECT_REPORT_DOWNLOAD_SECTION_EXTRACTION.md	development documentation and QA screenshots; not required to run frozen software
docs/qa/V2_7_R190_ADMISSION_GATE_TEMPLATE_SMOKE_TEST_QA.md	development documentation and QA screenshots; not required to run frozen software
docs/qa/V2_7_R191_MANUAL_EVIDENCE_IMPORT_TEMPLATE_QA.md	development documentation and QA screenshots; not required to run frozen software
docs/qa/V2_7_R192_MANUAL_EVIDENCE_IMPORT_TEMPLATE_SMOKE_TEST_QA.md	development documentation and QA screenshots; not required to run frozen software
docs/qa/V2_7_R193_MANUAL_EVIDENCE_PREFLIGHT_CHECKER_QA.md	development documentation and QA screenshots; not required to run frozen software
docs/qa/V2_7_R194_MANUAL_EVIDENCE_PREFLIGHT_CONSUMER_CONTRACT_QA.md	development documentation and QA screenshots; not required to run frozen software
docs/qa/V2_7_R195_MANUAL_EVIDENCE_REVIEW_QUEUE_PAYLOAD_CONTRACT_QA.md	development documentation and QA screenshots; not required to run frozen software
docs/qa/V2_7_R196_MANUAL_EVIDENCE_REVIEW_QUEUE_PRESENTER_QA.md	development documentation and QA screenshots; not required to run frozen software
docs/qa/V2_7_R197_MANUAL_EVIDENCE_REVIEW_QUEUE_PREVIEW_MOUNT_QA.md	development documentation and QA screenshots; not required to run frozen software
docs/qa/V2_7_R198_PLANT_REVIEW_MANUAL_EVIDENCE_QUEUE_SCREENSHOT_QA.md	development documentation and QA screenshots; not required to run frozen software
docs/qa/V2_7_R199_PLACEHOLDER_MANUAL_EVIDENCE_DATA_FLOW_QA.md	development documentation and QA screenshots; not required to run frozen software
docs/qa/V2_7_R19_IMPORT_PREVIEW_CALLBACK_BOUNDARY_GUARD.md	development documentation and QA screenshots; not required to run frozen software
docs/qa/V2_7_R1_PRODUCT_OPTIMIZATION_SCOPE_LOCK.md	development documentation and QA screenshots; not required to run frozen software
docs/qa/V2_7_R200_MANUAL_EVIDENCE_REVIEW_PACKAGE_READBACK_QA.md	development documentation and QA screenshots; not required to run frozen software
docs/qa/V2_7_R201_MANUAL_EVIDENCE_PACKAGE_HANDOFF_SCREENSHOT_QA.md	development documentation and QA screenshots; not required to run frozen software
docs/qa/V2_7_R202_MANUAL_EVIDENCE_INPUT_ADAPTER_QA.md	development documentation and QA screenshots; not required to run frozen software
docs/qa/V2_7_R203_MANUAL_EVIDENCE_ENTRY_PANEL_QA.md	development documentation and QA screenshots; not required to run frozen software
docs/qa/V2_7_R204_MANUAL_EVIDENCE_GAP_ASSISTANT_QA.md	development documentation and QA screenshots; not required to run frozen software
docs/qa/V2_7_R205_ROUTE_CONFIRMATION_PLANT_REVIEW_HANDOFF_QA.md	development documentation and QA screenshots; not required to run frozen software
docs/qa/V2_7_R206_REQUIRED_DESIGN_SLOT_COMPLETION_PANEL.md	development documentation and QA screenshots; not required to run frozen software
docs/qa/V2_7_R207_PROJECT_REVIEW_COMPLETION_GATE_QA.md	development documentation and QA screenshots; not required to run frozen software
docs/qa/V2_7_R208_PLANT_REVIEW_GUIDED_LAYOUT_QA.md	development documentation and QA screenshots; not required to run frozen software
docs/qa/V2_7_R209_PLANT_REVIEW_LOCAL_COMPLEXITY_REDUCTION_QA.md	development documentation and QA screenshots; not required to run frozen software
docs/qa/V2_7_R20_R10_R19_CHECKPOINT_FULL_REGRESSION.md	development documentation and QA screenshots; not required to run frozen software
docs/qa/V2_7_R211_ROOT_HELPER_SCRIPT_CLEANUP_QA.md	development documentation and QA screenshots; not required to run frozen software
docs/qa/V2_7_R212_COMPONENTS_DIRECTORY_CLASSIFICATION_AUDIT_QA.md	development documentation and QA screenshots; not required to run frozen software
docs/qa/V2_7_R213_DORMANT_AI_ANALYSIS_COMPONENTS_ARCHIVE_QA.md	development documentation and QA screenshots; not required to run frozen software
docs/qa/V2_7_R214_LEGACY_DATA_TABS_ARCHIVE_DECISION_QA.md	development documentation and QA screenshots; not required to run frozen software
docs/qa/V2_7_R215_SERVICES_DIRECTORY_CLASSIFICATION_QA.md	development documentation and QA screenshots; not required to run frozen software
docs/qa/V2_7_R216_PLANT_REVIEW_READBACK_HELPER_CONSOLIDATION_QA.md	development documentation and QA screenshots; not required to run frozen software
docs/qa/V2_7_R217_PLANT_REVIEW_PRESENTER_HELPER_REUSE_QA.md	development documentation and QA screenshots; not required to run frozen software
docs/qa/V2_7_R218_LOW_VALUE_ARTIFACT_CLEANUP_QA.md	development documentation and QA screenshots; not required to run frozen software
docs/qa/V2_7_R219_PROJECT_STRUCTURE_CLEANUP_FINAL_AUDIT_QA.md	development documentation and QA screenshots; not required to run frozen software
docs/qa/V2_7_R21_R10_R20_HANDOFF_AND_PROTECTED_AREA_AUDIT.md	development documentation and QA screenshots; not required to run frozen software
docs/qa/V2_7_R220_PLANT_GOAL_CANDIDATE_ROUTE_WORKSPACE_QA.md	development documentation and QA screenshots; not required to run frozen software
docs/qa/V2_7_R222_CONSTRUCT_TASK_READBACK_GATE_QA.md	development documentation and QA screenshots; not required to run frozen software
docs/qa/V2_7_R223_PLANT_EXPRESSION_WORKSPACE_UI_PROTOTYPE_QA.md	development documentation and QA screenshots; not required to run frozen software
docs/qa/V2_7_R224_PLANT_DESIGN_PROJECT_DRAFT_DURABLE_PERSISTENCE_MVP_QA.md	development documentation and QA screenshots; not required to run frozen software
docs/qa/V2_7_R225_PLANT_EXPRESSION_DATA_INGESTION_FOUNDATION_AND_CANDIDATE_CORPUS_BATCH_1_QA.md	development documentation and QA screenshots; not required to run frozen software
docs/qa/V2_7_R226_PLANT_EXPRESSION_REAL_CONSTRUCT_CAPABILITY_AUDIT_AND_EXECUTABLE_PROBE_QA.md	development documentation and QA screenshots; not required to run frozen software
docs/qa/V2_7_R227_CANONICAL_SINGLE_GENE_CONSTRUCT_RUNTIME_PERSISTENCE_QA.md	development documentation and QA screenshots; not required to run frozen software
docs/qa/V2_7_R22_PROJECT_OUTPUTS_CHECKPOINT_PROTECTED_AREA_GUARD.md	development documentation and QA screenshots; not required to run frozen software
docs/qa/V2_7_R23_R10_R22_QA_CHECKPOINT_INTEGRITY_GUARD.md	development documentation and QA screenshots; not required to run frozen software
docs/qa/V2_7_R24_R10_R23_QA_NOTE_STRUCTURE_GUARD.md	development documentation and QA screenshots; not required to run frozen software
docs/qa/V2_7_R25_R10_R24_CHECKPOINT_MANIFEST.md	development documentation and QA screenshots; not required to run frozen software
docs/qa/V2_7_R26_R10_R25_CHECKPOINT_COPY_BOUNDARY_GUARD.md	development documentation and QA screenshots; not required to run frozen software
docs/qa/V2_7_R27_R10_R26_CHECKPOINT_MANIFEST_REFRESH.md	development documentation and QA screenshots; not required to run frozen software
docs/qa/V2_7_R28_0900_CHECKPOINT_HANDOFF_GUARD.md	development documentation and QA screenshots; not required to run frozen software
docs/qa/V2_7_R29_R10_R28_QA_NOTE_STRUCTURE_REFRESH.md	development documentation and QA screenshots; not required to run frozen software
docs/qa/V2_7_R30_R10_R29_COMMIT_READINESS_INVENTORY.md	development documentation and QA screenshots; not required to run frozen software
docs/qa/V2_7_R31_R10_R30_LIVE_WORKTREE_INVENTORY_GUARD.md	development documentation and QA screenshots; not required to run frozen software
docs/qa/V2_7_R32_R20_R31_POST_FULL_REGRESSION_SCOPE_GUARD.md	development documentation and QA screenshots; not required to run frozen software
docs/qa/V2_7_R33_0900_FINAL_CHECK_COMMAND_BUNDLE.md	development documentation and QA screenshots; not required to run frozen software
docs/qa/V2_7_R34_PRE_0900_FINAL_COMMAND_DRY_RUN.md	development documentation and QA screenshots; not required to run frozen software
docs/qa/V2_7_R35_0900_COMPLETION_CRITERIA_GUARD.md	development documentation and QA screenshots; not required to run frozen software
docs/qa/V2_7_R36_0900_TIMED_READINESS_AUDIT_TEMPLATE.md	development documentation and QA screenshots; not required to run frozen software
docs/qa/V2_7_R37_0900_STOP_CONDITION_DECISION_GUARD.md	development documentation and QA screenshots; not required to run frozen software
docs/qa/V2_7_R38_PRE_0900_COMPLETION_CLAIM_GUARD.md	development documentation and QA screenshots; not required to run frozen software
docs/qa/V2_7_R39_PRE_0900_HEARTBEAT_READINESS_AUDIT.md	development documentation and QA screenshots; not required to run frozen software
docs/qa/V2_7_R40_PRE_0900_HEARTBEAT_AUTOMATION_HANDOFF.md	development documentation and QA screenshots; not required to run frozen software
docs/qa/V2_7_R41_PRE_0900_AUTOMATION_VIEW_CONFIRMATION.md	development documentation and QA screenshots; not required to run frozen software
docs/qa/V2_7_R42_0900_CURRENT_FINAL_COMMAND_BUNDLE_SUPPLEMENT.md	development documentation and QA screenshots; not required to run frozen software
docs/qa/V2_7_R43_0900_CURRENT_TIMED_AUDIT_TEMPLATE_SUPPLEMENT.md	development documentation and QA screenshots; not required to run frozen software
docs/qa/V2_7_R44_0900_FINAL_AUDIT_EXECUTION_ORDER.md	development documentation and QA screenshots; not required to run frozen software
docs/qa/V2_7_R45_0900_HEARTBEAT_PROMPT_REFRESH.md	development documentation and QA screenshots; not required to run frozen software
docs/qa/V2_7_R46_PRE_0900_ACTIVE_GOAL_CONTINUATION_GUARD.md	development documentation and QA screenshots; not required to run frozen software
docs/qa/V2_7_R47_0900_CURRENT_FINAL_COMMAND_BUNDLE_REFRESH.md	development documentation and QA screenshots; not required to run frozen software
docs/qa/V2_7_R48_0900_CURRENT_EXECUTION_ORDER_REFRESH.md	development documentation and QA screenshots; not required to run frozen software
docs/qa/V2_7_R49_0900_CURRENT_TIMED_AUDIT_FIELDS_REFRESH.md	development documentation and QA screenshots; not required to run frozen software
docs/qa/V2_7_R4_PRODUCT_OPTIMIZATION_CHECKPOINT.md	development documentation and QA screenshots; not required to run frozen software
docs/qa/V2_7_R50_0900_CURRENT_COMPLETION_CRITERIA_REFRESH.md	development documentation and QA screenshots; not required to run frozen software
docs/qa/V2_7_R51_0900_CURRENT_DECISION_RULES_REFRESH.md	development documentation and QA screenshots; not required to run frozen software
docs/qa/V2_7_R52_0900_CURRENT_CHAIN_CONSISTENCY_GUARD.md	development documentation and QA screenshots; not required to run frozen software
docs/qa/V2_7_R53_0900_POST_R52_SUPPLEMENTAL_COMMAND_BUNDLE.md	development documentation and QA screenshots; not required to run frozen software
docs/qa/V2_7_R54_0900_CURRENT_TIMED_AUDIT_FIELDS_WITH_R53.md	development documentation and QA screenshots; not required to run frozen software
docs/qa/V2_7_R55_0900_CURRENT_COMPLETION_CRITERIA_WITH_R54.md	development documentation and QA screenshots; not required to run frozen software
docs/qa/V2_7_R56_0900_CURRENT_DECISION_RULES_WITH_R55.md	development documentation and QA screenshots; not required to run frozen software
docs/qa/V2_7_R57_0900_CURRENT_EXECUTION_ORDER_WITH_R56.md	development documentation and QA screenshots; not required to run frozen software
docs/qa/V2_7_R58_PRE_0900_AUTOMATION_CURRENT_CHAIN_CONFIRMATION.md	development documentation and QA screenshots; not required to run frozen software
docs/qa/V2_7_R59_0900_CURRENT_DIRECT_EVIDENCE_WORKSHEET.md	development documentation and QA screenshots; not required to run frozen software
docs/qa/V2_7_R5_PROJECT_OUTPUTS_TRACEABILITY_PRESENTER_EXTRACTION.md	development documentation and QA screenshots; not required to run frozen software
docs/qa/V2_7_R60_0900_FINAL_TIMED_AUDIT_RECORD_SHELL.md	development documentation and QA screenshots; not required to run frozen software
docs/qa/V2_7_R61_0900_POST_R60_SUPPLEMENTAL_COMMAND_BUNDLE.md	development documentation and QA screenshots; not required to run frozen software
docs/qa/V2_7_R63_POST_COMMIT_LIVE_WORKTREE_GUARD_STATE_FIX.md	development documentation and QA screenshots; not required to run frozen software
docs/qa/V2_7_R64_EVIDENCE_RETRIEVAL_AND_RANKING_CORE.md	development documentation and QA screenshots; not required to run frozen software
docs/qa/V2_7_R65_LOCAL_EVIDENCE_CORPUS_INGESTION.md	development documentation and QA screenshots; not required to run frozen software
docs/qa/V2_7_R66_PLANT_REVIEW_MODULE_CARD_REGISTRY_CORE.md	development documentation and QA screenshots; not required to run frozen software
docs/qa/V2_7_R67_PLANT_EXPRESSION_ROUTE_TEMPLATE_REGISTRY.md	development documentation and QA screenshots; not required to run frozen software
docs/qa/V2_7_R68_PLANT_USER_INTENT_ROUTE_DRAFT_BUILDER.md	development documentation and QA screenshots; not required to run frozen software
docs/qa/V2_7_R69_PLANT_EVIDENCE_TO_SLOT_MATCHER.md	development documentation and QA screenshots; not required to run frozen software
docs/qa/V2_7_R6_TRACEABILITY_GRAPH_LITE_SUMMARY_STATE_EXTRACTION.md	development documentation and QA screenshots; not required to run frozen software
docs/qa/V2_7_R70_PLANT_COMPONENT_CANDIDATE_MATCHER.md	development documentation and QA screenshots; not required to run frozen software
docs/qa/V2_7_R71_PLANT_WALKTHROUGH_BASELINE_RECONCILIATION.md	development documentation and QA screenshots; not required to run frozen software
docs/qa/V2_7_R72_PLANT_GAP_MANUAL_REVIEW_QUEUE_BUILDER.md	development documentation and QA screenshots; not required to run frozen software
docs/qa/V2_7_R73_PLANT_ROUTE_PRESENTER_READBACK_BASELINE_RECONCILIATION.md	development documentation and QA screenshots; not required to run frozen software
docs/qa/V2_7_R74_PLANT_REVIEW_PACKAGE_BUILDER.md	development documentation and QA screenshots; not required to run frozen software
docs/qa/V2_7_R75_PLANT_REVIEW_PACKAGE_READBACK_PRESENTER.md	development documentation and QA screenshots; not required to run frozen software
docs/qa/V2_7_R76_PLANT_REVIEW_WORKFLOW_CHAIN_RUNNER.md	development documentation and QA screenshots; not required to run frozen software
docs/qa/V2_7_R77_PLANT_REVIEW_WORKFLOW_SCENARIO_FIXTURES.md	development documentation and QA screenshots; not required to run frozen software
docs/qa/V2_7_R78_PLANT_REVIEW_WORKFLOW_CONTRACT_VALIDATOR.md	development documentation and QA screenshots; not required to run frozen software
docs/qa/V2_7_R79_PLANT_REVIEW_HANDOFF_DATA_ADAPTER.md	development documentation and QA screenshots; not required to run frozen software
docs/qa/V2_7_R7_TRACEABILITY_GRAPH_LITE_TABLE_STATE_EXTRACTION.md	development documentation and QA screenshots; not required to run frozen software
docs/qa/V2_7_R80_RICE_ALBUMIN_VERTICAL_WALKTHROUGH_QA.md	development documentation and QA screenshots; not required to run frozen software
docs/qa/V2_7_R81_PLANT_WORKFLOW_INPUT_ADAPTER.md	development documentation and QA screenshots; not required to run frozen software
docs/qa/V2_7_R82_PLANT_WORKSPACE_STATE_INPUT_EXTRACTOR.md	development documentation and QA screenshots; not required to run frozen software
docs/qa/V2_7_R83_PLANT_REVIEW_WORKSPACE_WORKFLOW_ORCHESTRATOR.md	development documentation and QA screenshots; not required to run frozen software
docs/qa/V2_7_R84_PLANT_REVIEW_WORKFLOW_READONLY_WORKSPACE_MOUNT.md	development documentation and QA screenshots; not required to run frozen software
docs/qa/V2_7_R85_PLANT_REVIEW_HANDOFF_PREVIEW_SECTION.md	development documentation and QA screenshots; not required to run frozen software
docs/qa/V2_7_R86_PLANT_REVIEW_SLOT_COVERAGE_MATRIX.md	development documentation and QA screenshots; not required to run frozen software
docs/qa/V2_7_R87_PLANT_REVIEW_SLOT_COVERAGE_MATRIX_MOUNT.md	development documentation and QA screenshots; not required to run frozen software
docs/qa/V2_7_R88_RICE_ALBUMIN_VISIBLE_WORKFLOW_AND_SAFETY_GUARD.md	development documentation and QA screenshots; not required to run frozen software
docs/qa/V2_7_R89_ACTIVE_UI_VISUAL_AUDIT_AND_SCREENSHOT_BASELINE.md	development documentation and QA screenshots; not required to run frozen software
docs/qa/V2_7_R8_TRACEABILITY_SECTION_IMPORT_BOUNDARY_CLEANUP.md	development documentation and QA screenshots; not required to run frozen software
docs/qa/V2_7_R90_EXPRESSION_WIZARD_ROUTE_AND_RESPONSIVE_STEPPER_FIX.md	development documentation and QA screenshots; not required to run frozen software
docs/qa/V2_7_R91_PATHWAY_WORKSPACE_OUTPUT_NAVIGATION_STRIP.md	development documentation and QA screenshots; not required to run frozen software
docs/qa/V2_7_R92_REVIEW_TABLES_RESPONSIVE_READABILITY_FIX.md	development documentation and QA screenshots; not required to run frozen software
docs/qa/V2_7_R93_COMPONENT_LIBRARY_WORKFLOW_FOCUSED_FIRST_SCREEN_REFACTOR.md	development documentation and QA screenshots; not required to run frozen software
docs/qa/V2_7_R94_PLANT_REVIEW_NAMING_PAYLOAD_CONSISTENCY_AUDIT.md	development documentation and QA screenshots; not required to run frozen software
docs/qa/V2_7_R95_PLANT_REVIEW_SINGLE_EXAMPLE_END_TO_END_WALKTHROUGH_QA.md	development documentation and QA screenshots; not required to run frozen software
docs/qa/V2_7_R96_PLANT_REVIEW_STARTUP_UI_VISIBILITY_SINGLE_EXAMPLE_SCREENSHOT_QA.md	development documentation and QA screenshots; not required to run frozen software
docs/qa/V2_7_R97_PLANT_AI_GUIDED_DESIGN_HANDOFF_FRAMEWORK_FREEZE_QA.md	development documentation and QA screenshots; not required to run frozen software
docs/qa/V2_7_R98_PLANT_DESIGN_DOMAIN_SCHEMA_SKELETON_QA.md	development documentation and QA screenshots; not required to run frozen software
docs/qa/V2_7_R99_AI_INTAKE_SAFETY_ROUTER_SKELETON_QA.md	development documentation and QA screenshots; not required to run frozen software
docs/qa/V2_7_R9_TRACEABILITY_GRAPH_LITE_DISPLAY_STATE.md	development documentation and QA screenshots; not required to run frozen software
docs/qa/component_library_v1_full_evidence_completion/phase_b2b/COMPONENT_LIBRARY_V1_B2B_ATTRIBUTION_CONTRACT.md	development documentation and QA screenshots; not required to run frozen software
docs/qa/component_library_v1_full_evidence_completion/phase_b2b/COMPONENT_LIBRARY_V1_B2B_RIGHTS_GOVERNANCE.json	development documentation and QA screenshots; not required to run frozen software
docs/qa/component_library_v1_full_evidence_completion/phase_b2c/COMPONENT_LIBRARY_V1_B2C_PRODUCT_ADMISSION.json	development documentation and QA screenshots; not required to run frozen software
docs/qa/data_manifests/v2_7_r225_candidate_corpus_batch_1_summary.json	development documentation and QA screenshots; not required to run frozen software
docs/qa/data_manifests/v2_7_r226_real_construct_capability_matrix.json	development documentation and QA screenshots; not required to run frozen software
docs/qa/local_mvp_runbook.md	development documentation and QA screenshots; not required to run frozen software
docs/qa/pbi121_real_genbank_asset_import.md	development documentation and QA screenshots; not required to run frozen software
docs/qa/pbi121_t_dna_manual_replacement_strategy.md	development documentation and QA screenshots; not required to run frozen software
docs/qa/r182_screenshots/r182_artemisinin_clarification.png	development documentation and QA screenshots; not required to run frozen software
docs/qa/r182_screenshots/r182_clear_protein_result.png	development documentation and QA screenshots; not required to run frozen software
docs/qa/r182_screenshots/r182_mobile_default_sidebar_closed.png	development documentation and QA screenshots; not required to run frozen software
docs/qa/r182_screenshots/r182_start_review_default.png	development documentation and QA screenshots; not required to run frozen software
docs/qa/r186_screenshots/r186_advanced_collapsed.png	development documentation and QA screenshots; not required to run frozen software
docs/qa/r186_screenshots/r186_artemisinin_clarification.png	development documentation and QA screenshots; not required to run frozen software
docs/qa/r186_screenshots/r186_clear_protein_result.png	development documentation and QA screenshots; not required to run frozen software
docs/qa/r186_screenshots/r186_default_landing.png	development documentation and QA screenshots; not required to run frozen software
docs/qa/r186_screenshots/r186_mobile_default.png	development documentation and QA screenshots; not required to run frozen software
docs/qa/screenshots/r105/r105_handoff_preview_desktop_boundary_manual_status.png	development documentation and QA screenshots; not required to run frozen software
docs/qa/screenshots/r105/r105_handoff_preview_desktop_components.png	development documentation and QA screenshots; not required to run frozen software
docs/qa/screenshots/r105/r105_handoff_preview_desktop_handoff_sections.png	development documentation and QA screenshots; not required to run frozen software
docs/qa/screenshots/r105/r105_handoff_preview_desktop_intent_context_missing.png	development documentation and QA screenshots; not required to run frozen software
docs/qa/screenshots/r105/r105_handoff_preview_desktop_manual_review_status.png	development documentation and QA screenshots; not required to run frozen software
docs/qa/screenshots/r105/r105_handoff_preview_desktop_missing_evidence.png	development documentation and QA screenshots; not required to run frozen software
docs/qa/screenshots/r105/r105_handoff_preview_desktop_outputs.png	development documentation and QA screenshots; not required to run frozen software
docs/qa/screenshots/r105/r105_handoff_preview_desktop_request_scope.png	development documentation and QA screenshots; not required to run frozen software
docs/qa/screenshots/r105/r105_handoff_preview_desktop_review_items.png	development documentation and QA screenshots; not required to run frozen software
docs/qa/screenshots/r105/r105_handoff_preview_desktop_scaffold_gaps.png	development documentation and QA screenshots; not required to run frozen software
docs/qa/screenshots/r105/r105_handoff_preview_desktop_top.png	development documentation and QA screenshots; not required to run frozen software
docs/qa/screenshots/r105/r105_handoff_preview_narrow_blocked_intent.png	development documentation and QA screenshots; not required to run frozen software
docs/qa/screenshots/r105/r105_handoff_preview_narrow_boundary_manual_status.png	development documentation and QA screenshots; not required to run frozen software
docs/qa/screenshots/r105/r105_handoff_preview_narrow_components_scaffold.png	development documentation and QA screenshots; not required to run frozen software
docs/qa/screenshots/r105/r105_handoff_preview_narrow_manual_status.png	development documentation and QA screenshots; not required to run frozen software
docs/qa/screenshots/r105/r105_handoff_preview_narrow_outputs.png	development documentation and QA screenshots; not required to run frozen software
docs/qa/screenshots/r105/r105_handoff_preview_narrow_request_scope.png	development documentation and QA screenshots; not required to run frozen software
docs/qa/screenshots/r105/r105_handoff_preview_narrow_top.png	development documentation and QA screenshots; not required to run frozen software
docs/qa/screenshots/r110/r110_desktop_blocked_user_input_mock_preview.png	development documentation and QA screenshots; not required to run frozen software
docs/qa/screenshots/r110/r110_desktop_non_plant_user_input_mock_preview.png	development documentation and QA screenshots; not required to run frozen software
docs/qa/screenshots/r110/r110_desktop_supported_user_input_mock_preview.png	development documentation and QA screenshots; not required to run frozen software
docs/qa/screenshots/r110/r110_narrow_blocked_user_input_mock_preview.png	development documentation and QA screenshots; not required to run frozen software
docs/qa/screenshots/r110/r110_narrow_non_plant_user_input_mock_preview.png	development documentation and QA screenshots; not required to run frozen software
docs/qa/screenshots/r110/r110_narrow_supported_user_input_mock_preview.png	development documentation and QA screenshots; not required to run frozen software
docs/qa/screenshots/r120/r120_plant_review_handoff_worksheet_desktop.png	development documentation and QA screenshots; not required to run frozen software
docs/qa/screenshots/r120/r120_plant_review_handoff_worksheet_narrow.png	development documentation and QA screenshots; not required to run frozen software
docs/qa/screenshots/r126/r126_evidence_worksheet_handoff_readback_desktop.png	development documentation and QA screenshots; not required to run frozen software
docs/qa/screenshots/r135/r135_rice_albumin_seed_review_desktop.png	development documentation and QA screenshots; not required to run frozen software
docs/qa/screenshots/r135/r135_rice_albumin_seed_review_narrow.png	development documentation and QA screenshots; not required to run frozen software
docs/qa/screenshots/r136/r136_plant_review_seed_mount.png	development documentation and QA screenshots; not required to run frozen software
docs/qa/screenshots/r145/r145_rice_albumin_provenance_desktop.png	development documentation and QA screenshots; not required to run frozen software
docs/qa/screenshots/r145/r145_rice_albumin_provenance_desktop_summary_rows.png	development documentation and QA screenshots; not required to run frozen software
docs/qa/screenshots/r145/r145_rice_albumin_provenance_narrow.png	development documentation and QA screenshots; not required to run frozen software
docs/qa/screenshots/r148/r148_queue_desktop_after.png	development documentation and QA screenshots; not required to run frozen software
docs/qa/screenshots/r148/r148_queue_desktop_before.png	development documentation and QA screenshots; not required to run frozen software
docs/qa/screenshots/r148/r148_queue_narrow_after.png	development documentation and QA screenshots; not required to run frozen software
docs/qa/screenshots/r148/r148_queue_task_summary_after.png	development documentation and QA screenshots; not required to run frozen software
docs/qa/screenshots/r148/r148_queue_tasks_desktop_before.png	development documentation and QA screenshots; not required to run frozen software
docs/qa/screenshots/r149/r149_evidence_worksheet_readback_desktop.png	development documentation and QA screenshots; not required to run frozen software
docs/qa/screenshots/r149/r149_evidence_worksheet_readback_narrow_precise.png	development documentation and QA screenshots; not required to run frozen software
docs/qa/screenshots/r149/r149_manual_provenance_queue_desktop_precise.png	development documentation and QA screenshots; not required to run frozen software
docs/qa/screenshots/r149/r149_manual_provenance_queue_narrow_precise.png	development documentation and QA screenshots; not required to run frozen software
docs/qa/screenshots/r149/r149_manual_provenance_readback_desktop.png	development documentation and QA screenshots; not required to run frozen software
docs/qa/screenshots/r149/r149_manual_provenance_readback_narrow_precise.png	development documentation and QA screenshots; not required to run frozen software
docs/qa/screenshots/r149/r149_plant_review_handoff_desktop.png	development documentation and QA screenshots; not required to run frozen software
docs/qa/screenshots/r149/r149_plant_review_handoff_narrow_precise.png	development documentation and QA screenshots; not required to run frozen software
docs/qa/screenshots/r149/r149_plant_review_slot_matrix_desktop.png	development documentation and QA screenshots; not required to run frozen software
docs/qa/screenshots/r149/r149_plant_review_top_desktop.png	development documentation and QA screenshots; not required to run frozen software
docs/qa/screenshots/r149/r149_plant_review_top_narrow_precise.png	development documentation and QA screenshots; not required to run frozen software
docs/qa/screenshots/r149/r149_plant_review_traceability_desktop.png	development documentation and QA screenshots; not required to run frozen software
docs/qa/screenshots/r149/r149_plant_review_traceability_narrow_precise.png	development documentation and QA screenshots; not required to run frozen software
docs/qa/screenshots/r149/r149_project_outputs_handoff_readback_desktop.png	development documentation and QA screenshots; not required to run frozen software
docs/qa/screenshots/r149/r149_project_outputs_handoff_review_desktop.png	development documentation and QA screenshots; not required to run frozen software
docs/qa/screenshots/r149/r149_project_outputs_tabs_desktop.png	development documentation and QA screenshots; not required to run frozen software
docs/qa/screenshots/r149/r149_required_review_items_narrow_precise.png	development documentation and QA screenshots; not required to run frozen software
docs/qa/screenshots/r149/r149_rice_albumin_seed_review_desktop_precise.png	development documentation and QA screenshots; not required to run frozen software
docs/qa/screenshots/r149/r149_rice_albumin_seed_review_narrow_precise.png	development documentation and QA screenshots; not required to run frozen software
docs/qa/screenshots/r149/r149_route_to_construct_traceability_desktop.png	development documentation and QA screenshots; not required to run frozen software
docs/qa/screenshots/r149/r149_route_to_construct_traceability_narrow_precise.png	development documentation and QA screenshots; not required to run frozen software
docs/qa/screenshots/r149/r149_workspace_outputs_desktop.png	development documentation and QA screenshots; not required to run frozen software
docs/qa/screenshots/r198/r198_manual_evidence_queue_empty_message_viewport.png	development documentation and QA screenshots; not required to run frozen software
docs/qa/screenshots/r198/r198_manual_evidence_queue_empty_state_viewport.png	development documentation and QA screenshots; not required to run frozen software
docs/qa/screenshots/r198/r198_plant_review_active_project_full_page.png	development documentation and QA screenshots; not required to run frozen software
docs/qa/screenshots/r201/r201_handoff_manual_evidence_empty_readback.png	development documentation and QA screenshots; not required to run frozen software
docs/qa/screenshots/r201/r201_handoff_manual_evidence_narrow_empty_readback.png	development documentation and QA screenshots; not required to run frozen software
docs/qa/screenshots/r201/r201_review_package_manual_evidence_empty_readback.png	development documentation and QA screenshots; not required to run frozen software
docs/qa/screenshots/r339/r339_narrow_plant_package_construct_preview.png	development documentation and QA screenshots; not required to run frozen software
docs/qa/screenshots/r339/r339_narrow_plant_package_context_identity.png	development documentation and QA screenshots; not required to run frozen software
docs/qa/screenshots/r339/r339_narrow_plant_package_context_identity_actual.png	development documentation and QA screenshots; not required to run frozen software
docs/qa/screenshots/r339/r339_narrow_plant_package_current_position.png	development documentation and QA screenshots; not required to run frozen software
docs/qa/screenshots/r339/r339_normal_plant_package_context_identity.png	development documentation and QA screenshots; not required to run frozen software
docs/qa/screenshots/r339/r339_normal_plant_package_empty_construct_preview.png	development documentation and QA screenshots; not required to run frozen software
docs/qa/screenshots/r339/r339_normal_plant_package_readback_missing_review.png	development documentation and QA screenshots; not required to run frozen software
docs/qa/screenshots/r339/r339_normal_project_review_report_summary.png	development documentation and QA screenshots; not required to run frozen software
docs/qa/screenshots/r345/r345_narrow_project_review_report_plant_package.png	development documentation and QA screenshots; not required to run frozen software
docs/qa/screenshots/r345/r345_normal_project_review_report_plant_package.png	development documentation and QA screenshots; not required to run frozen software
docs/qa/screenshots/r351/r351_narrow_review_action_panel.png	development documentation and QA screenshots; not required to run frozen software
docs/qa/screenshots/r351/r351_normal_review_action_panel.png	development documentation and QA screenshots; not required to run frozen software
docs/qa/screenshots/r356/r356_narrow_pathway_projects_selection.png	development documentation and QA screenshots; not required to run frozen software
docs/qa/screenshots/r356/r356_normal_handoff_review_workspace.png	development documentation and QA screenshots; not required to run frozen software
docs/qa/screenshots/r357/r357_component_library_crosswalk_normal.png	development documentation and QA screenshots; not required to run frozen software
docs/qa/screenshots/r365/r365_project_review_report_readback_narrow.png	development documentation and QA screenshots; not required to run frozen software
docs/qa/screenshots/r365/r365_project_review_report_readback_normal.png	development documentation and QA screenshots; not required to run frozen software
docs/qa/screenshots/r365/r365_project_review_report_readback_target.png	development documentation and QA screenshots; not required to run frozen software
docs/qa/screenshots/r369/r369_component_library_followup_summary_grouping_narrow.png	development documentation and QA screenshots; not required to run frozen software
docs/qa/screenshots/r369/r369_component_library_followup_summary_grouping_normal.png	development documentation and QA screenshots; not required to run frozen software
docs/qa/screenshots/r370/r370_handoff_review_normal.png	development documentation and QA screenshots; not required to run frozen software
docs/qa/screenshots/r370/r370_project_outputs_narrow.png	development documentation and QA screenshots; not required to run frozen software
docs/qa/screenshots/r370/r370_quality_dashboard_normal.png	development documentation and QA screenshots; not required to run frozen software
docs/qa/screenshots/r375/r375_component_library_followup_filter_controls_narrow.png	development documentation and QA screenshots; not required to run frozen software
docs/qa/screenshots/r375/r375_component_library_followup_filter_controls_normal.png	development documentation and QA screenshots; not required to run frozen software
docs/qa/screenshots/r396/r396_plant_design_workspace_narrow_width.png	development documentation and QA screenshots; not required to run frozen software
docs/qa/screenshots/r396/r396_plant_design_workspace_normal_width.png	development documentation and QA screenshots; not required to run frozen software
docs/qa/screenshots/r89/codon_usage_preview_desktop.png	development documentation and QA screenshots; not required to run frozen software
docs/qa/screenshots/r89/component_library_desktop.png	development documentation and QA screenshots; not required to run frozen software
docs/qa/screenshots/r89/component_library_narrow.png	development documentation and QA screenshots; not required to run frozen software
docs/qa/screenshots/r89/expression_wizard_desktop_warm.png	development documentation and QA screenshots; not required to run frozen software
docs/qa/screenshots/r89/expression_wizard_narrow.png	development documentation and QA screenshots; not required to run frozen software
docs/qa/screenshots/r89/expression_wizard_sidebar_click_desktop.png	development documentation and QA screenshots; not required to run frozen software
docs/qa/screenshots/r89/home_navigation_desktop.png	development documentation and QA screenshots; not required to run frozen software
docs/qa/screenshots/r89/pathway_projects_desktop.png	development documentation and QA screenshots; not required to run frozen software
docs/qa/screenshots/r89/pathway_workspace_desktop.png	development documentation and QA screenshots; not required to run frozen software
docs/qa/screenshots/r89/pathway_workspace_example_overview_desktop.png	development documentation and QA screenshots; not required to run frozen software
docs/qa/screenshots/r89/pathway_workspace_handoff_review_desktop.png	development documentation and QA screenshots; not required to run frozen software
docs/qa/screenshots/r89/pathway_workspace_handoff_review_narrow_stable.png	development documentation and QA screenshots; not required to run frozen software
docs/qa/screenshots/r89/pathway_workspace_plant_review_desktop.png	development documentation and QA screenshots; not required to run frozen software
docs/qa/screenshots/r89/pathway_workspace_plant_review_scroll_1_desktop.png	development documentation and QA screenshots; not required to run frozen software
docs/qa/screenshots/r89/pathway_workspace_plant_review_scroll_2_desktop.png	development documentation and QA screenshots; not required to run frozen software
docs/qa/screenshots/r89/pathway_workspace_plant_review_scroll_3_desktop.png	development documentation and QA screenshots; not required to run frozen software
docs/qa/screenshots/r89/pathway_workspace_plant_review_scroll_4_desktop.png	development documentation and QA screenshots; not required to run frozen software
docs/qa/screenshots/r89/pathway_workspace_plant_review_scroll_5_desktop.png	development documentation and QA screenshots; not required to run frozen software
docs/qa/screenshots/r89/pathway_workspace_plant_review_scroll_6_desktop.png	development documentation and QA screenshots; not required to run frozen software
docs/qa/screenshots/r89/pathway_workspace_quality_review_desktop.png	development documentation and QA screenshots; not required to run frozen software
docs/qa/screenshots/r89/pathway_workspace_reports_desktop.png	development documentation and QA screenshots; not required to run frozen software
docs/qa/screenshots/r89/pathway_workspace_review_notes_desktop.png	development documentation and QA screenshots; not required to run frozen software
docs/qa/screenshots/r89/plant_design_workspace_desktop.png	development documentation and QA screenshots; not required to run frozen software
docs/qa/screenshots/r89/plant_design_workspace_narrow_lower.png	development documentation and QA screenshots; not required to run frozen software
docs/qa/screenshots/r89/plant_design_workspace_narrow_top.png	development documentation and QA screenshots; not required to run frozen software
docs/qa/screenshots/r89/plant_design_workspace_scroll_1_desktop.png	development documentation and QA screenshots; not required to run frozen software
docs/qa/screenshots/r89/plant_design_workspace_scroll_2_desktop.png	development documentation and QA screenshots; not required to run frozen software
docs/qa/screenshots/r89/plant_design_workspace_scroll_3_desktop.png	development documentation and QA screenshots; not required to run frozen software
docs/qa/screenshots/r89/plant_design_workspace_scroll_4_desktop.png	development documentation and QA screenshots; not required to run frozen software
docs/qa/screenshots/r89/plant_design_workspace_scroll_5_desktop.png	development documentation and QA screenshots; not required to run frozen software
docs/qa/screenshots/r89/plant_design_workspace_scroll_6_desktop.png	development documentation and QA screenshots; not required to run frozen software
docs/qa/screenshots/r89/plant_design_workspace_scroll_7_desktop.png	development documentation and QA screenshots; not required to run frozen software
docs/qa/screenshots/r89/plant_design_workspace_scroll_8_desktop.png	development documentation and QA screenshots; not required to run frozen software
docs/qa/screenshots/r89/plant_design_workspace_scroll_9_desktop.png	development documentation and QA screenshots; not required to run frozen software
docs/qa/screenshots/r90/expression_wizard_direct_route_desktop.png	development documentation and QA screenshots; not required to run frozen software
docs/qa/screenshots/r90/expression_wizard_direct_route_narrow.png	development documentation and QA screenshots; not required to run frozen software
docs/qa/screenshots/r91/pathway_workspace_output_navigation_strip_desktop.png	development documentation and QA screenshots; not required to run frozen software
docs/qa/screenshots/r92/pathway_workspace_handoff_review_responsive_narrow.png	development documentation and QA screenshots; not required to run frozen software
docs/qa/screenshots/r93/component_library_filtered_review_state.png	development documentation and QA screenshots; not required to run frozen software
docs/qa/screenshots/r93/component_library_first_screen_desktop.png	development documentation and QA screenshots; not required to run frozen software
docs/qa/screenshots/r93/component_library_narrow.png	development documentation and QA screenshots; not required to run frozen software
docs/qa/screenshots/r96/r96_component_library_first_screen.png	development documentation and QA screenshots; not required to run frozen software
docs/qa/screenshots/r96/r96_pathway_workspace_initial.png	development documentation and QA screenshots; not required to run frozen software
docs/qa/screenshots/r96/r96_plant_design_workspace_readback.png	development documentation and QA screenshots; not required to run frozen software
docs/qa/screenshots/r96/r96_startup_home_plant_entry.png	development documentation and QA screenshots; not required to run frozen software
docs/qa/v0.1_manual_qa_checklist.md	development documentation and QA screenshots; not required to run frozen software
docs/registry/policy/REGISTRY_V1_PRODUCTION_ID_ASSIGNMENT_LIFECYCLE_CONTRACT_20260814.md	development documentation and QA screenshots; not required to run frozen software
docs/registry/review/COMPONENT_LIBRARY_V1_SIX_REVIEWED_EXTERNAL_GOVERNANCE_CLOSURE_20260814.md	development documentation and QA screenshots; not required to run frozen software
docs/release/CRISPR_V1_RELEASE_GATE_DISPOSITION_20260826.md	development documentation and QA screenshots; not required to run frozen software
docs/release/README.md	development documentation and QA screenshots; not required to run frozen software
docs/release/V1_RELEASE_READINESS_MATRIX_20260812.md	development documentation and QA screenshots; not required to run frozen software
docs/release/V1_RUNTIME_TEST_DURABLE_EVIDENCE_CONTRACT.md	development documentation and QA screenshots; not required to run frozen software
docs/release/v1_runtime_evidence.schema.json	development documentation and QA screenshots; not required to run frozen software
docs/release_notes/v1.15.13.md	development documentation and QA screenshots; not required to run frozen software
docs/releases/README.md	development documentation and QA screenshots; not required to run frozen software
docs/releases/V2_4_DEMO_READY_RELEASE_NOTES.md	development documentation and QA screenshots; not required to run frozen software
docs/roadmap/V2_0_DOCUMENTATION_WORKSPACE_DIRECTION.md	development documentation and QA screenshots; not required to run frozen software
docs/roadmap/V2_1_DOCUMENTATION_WORKSPACE_ROADMAP.md	development documentation and QA screenshots; not required to run frozen software
docs/roadmap/V2_6_AI_RESEARCH_TO_REPORT_WORKFLOW_SPEC.md	development documentation and QA screenshots; not required to run frozen software
docs/roadmap/V2_6_LOCAL_DESIGN_ASSET_CATALOG_PLAN.md	development documentation and QA screenshots; not required to run frozen software
docs/roadmap/V2_6_LOCAL_DESIGN_ASSET_PROJECT_LINKAGE_SPEC.md	development documentation and QA screenshots; not required to run frozen software
docs/roadmap/V2_6_NEXT_IMPLEMENTATION_PLAN.md	development documentation and QA screenshots; not required to run frozen software
docs/roadmap/V2_6_R14_PLANT_PROMOTER_CATALOG_FOUNDATION.md	development documentation and QA screenshots; not required to run frozen software
docs/roadmap/V2_6_R15B_MULTI_GENE_CONSTRUCT_PRODUCT_DATA_MODEL.md	development documentation and QA screenshots; not required to run frozen software
docs/roadmap/V2_6_R16_MULTI_GENE_CONSTRUCT_PRODUCT_DATA_MODEL.md	development documentation and QA screenshots; not required to run frozen software
docs/roadmap/V2_6_R306_PLANT_ONLY_PRODUCT_DIRECTION_REPOSITIONING_AUDIT.md	development documentation and QA screenshots; not required to run frozen software
docs/roadmap/V2_6_R312_RICE_ALBUMIN_SAVED_EXAMPLE_READBACK_FIXTURE_PLAN.md	development documentation and QA screenshots; not required to run frozen software
docs/roadmap/V2_6_R321_PLANT_REVIEW_DRAFT_REOPEN_IMPORT_BACK_PLAN.md	development documentation and QA screenshots; not required to run frozen software
docs/roadmap/V2_6_R323_PLANT_REVIEW_METADATA_BLOCK_FORMAT_FREEZE.md	development documentation and QA screenshots; not required to run frozen software
docs/roadmap/V2_6_R324_EXISTING_CODEBASE_PRACTICAL_DIRECTION_AUDIT.md	development documentation and QA screenshots; not required to run frozen software
docs/roadmap/V2_6_R352_COMPONENT_LIBRARY_DATABASE_MODEL_CONTRACT_AND_CROSSWALK_PLAN.md	development documentation and QA screenshots; not required to run frozen software
docs/roadmap/V2_6_R377_PLANT_ONLY_DIRECTION_LOCK_AND_SCOPE_RESET.md	development documentation and QA screenshots; not required to run frozen software
docs/roadmap/V2_6_R378_PLANT_SYNBIO_KNOWLEDGE_ARCHITECTURE_AUDIT.md	development documentation and QA screenshots; not required to run frozen software
docs/roadmap/V2_6_R388_PLANT_CASE_WALKTHROUGH_PLANNING.md	development documentation and QA screenshots; not required to run frozen software
docs/roadmap/V2_6_R394_PLANT_ROUTE_REVIEW_CHAIN_CHECKPOINT.md	development documentation and QA screenshots; not required to run frozen software
docs/roadmap/V2_6_R399_PLANT_ONLY_DIRECTION_LOCK.md	development documentation and QA screenshots; not required to run frozen software
docs/roadmap/V2_6_R402_PLANT_EXPRESSION_ROUTE_TEMPLATE_ARCHITECTURE.md	development documentation and QA screenshots; not required to run frozen software
docs/roadmap/V2_6_R403_PLANT_COMPONENT_KNOWLEDGE_BASE_SEED_ARCHITECTURE.md	development documentation and QA screenshots; not required to run frozen software
docs/roadmap/V2_6_R405_PLANT_CONSTRUCT_SLOT_PLAN_ARCHITECTURE.md	development documentation and QA screenshots; not required to run frozen software
docs/roadmap/V2_6_R406_PLANT_EVIDENCE_GAP_PACKAGE_FLOW_ARCHITECTURE.md	development documentation and QA screenshots; not required to run frozen software
docs/roadmap/V2_6_R407_FULL_PLANT_REVIEW_FRAMEWORK_INTEGRATION_MAP.md	development documentation and QA screenshots; not required to run frozen software
docs/roadmap/V2_6_R51A_PLANT_PROMOTER_49_ENTRY_SOURCE_SPEC.md	development documentation and QA screenshots; not required to run frozen software
docs/roadmap/V2_6_R51B_PLANT_PROMOTER_CURATED_MANIFEST_SCAFFOLD.md	development documentation and QA screenshots; not required to run frozen software
docs/roadmap/V2_6_R51C_PLANT_PROMOTER_SOURCE_REVIEW_WORKFLOW.md	development documentation and QA screenshots; not required to run frozen software
docs/roadmap/V2_6_R52_PLANT_PROMOTER_CURATED_SOURCE_DATA_COLLECTION_PLAN.md	development documentation and QA screenshots; not required to run frozen software
docs/roadmap/V2_6_R53B_PLANT_PROMOTER_BATCH_1_SOURCE_ACQUISITION_PLAN.md	development documentation and QA screenshots; not required to run frozen software
docs/roadmap/V2_6_R54A_EXTERNAL_SOURCE_CANDIDATE_SNAPSHOT_SPEC.md	development documentation and QA screenshots; not required to run frozen software
docs/roadmap/V2_6_R54B_PLANT_PROMOTER_EXTERNAL_SOURCE_ROUTE_EVALUATION.md	development documentation and QA screenshots; not required to run frozen software
docs/roadmap/V2_6_WIZARD_CATALOG_LINKAGE_AUDIT.md	development documentation and QA screenshots; not required to run frozen software
docs/roadmap/V2_7_R117_NEXT_MAINLINE_DECISION_CHECKPOINT.md	development documentation and QA screenshots; not required to run frozen software
docs/roadmap/V2_7_R97_PLANT_AI_GUIDED_DESIGN_HANDOFF_FRAMEWORK_FREEZE.md	development documentation and QA screenshots; not required to run frozen software
docs/roadmap/export_json_schema_notes.md	development documentation and QA screenshots; not required to run frozen software
docs/roadmap/export_standards_guidance.md	development documentation and QA screenshots; not required to run frozen software
docs/roadmap/sequence_preview_ui_research.md	development documentation and QA screenshots; not required to run frozen software
docs/software_health_product_direction_audit_v1_15_0.md	development documentation and QA screenshots; not required to run frozen software
docs/status/00_PRODUCT_DIRECTION_AND_FEATURE_MAP.md	development documentation and QA screenshots; not required to run frozen software
docs/status/MD_FILE_INVENTORY.md	development documentation and QA screenshots; not required to run frozen software
docs/status/V2_6_STABLE_BASELINE_HANDOFF.md	development documentation and QA screenshots; not required to run frozen software
docs/templates/plant_manual_evidence_import_template.example.yaml	development documentation and QA screenshots; not required to run frozen software
docs/templates/plant_manual_evidence_import_template.yaml	development documentation and QA screenshots; not required to run frozen software
docs/templates/plant_real_seed_data_template.example.yaml	development documentation and QA screenshots; not required to run frozen software
docs/templates/plant_real_seed_data_template.yaml	development documentation and QA screenshots; not required to run frozen software
docs/walkthroughs/V2_6_R311_RICE_ALBUMIN_PLANT_MOLECULAR_FARMING_WALKTHROUGH.md	development documentation and QA screenshots; not required to run frozen software
tests/test_mt02_extract_and_verify.py	test-only file contains local-machine path assumptions; runtime code and MT-02 contracts/tools retained
tests/test_mt02_formal_runtime_integration.py	test-only file contains local-machine path assumptions; runtime code and MT-02 contracts/tools retained
